number,value,datetime_start,datetime_complete,duration,params_depth,params_iterations,params_l2_leaf_reg,params_learning_rate,params_min_data_in_leaf,params_offset,params_subsample,params_threshold,params_use_dynamic_threshold,state
200,0.571081304848183,2025-11-30 05:31:11.703451,2025-11-30 05:35:51.142985,0 days 00:04:39.439534,11.0,1266.0,0.2007817715563952,0.052095759788158086,41.0,0.000635096020588763,0.7770670466623774,0.02017065293594925,False,COMPLETE
202,0.5691822269590855,2025-11-30 05:40:35.804151,2025-11-30 05:45:17.810343,0 days 00:04:42.006192,11.0,1283.0,0.20089350442637088,0.036988105334434335,41.0,0.00066135775823079,0.7976037130254163,0.02001527748691119,False,COMPLETE
219,0.569008468886873,2025-11-30 07:02:52.846697,2025-11-30 07:07:55.005324,0 days 00:05:02.158627,11.0,1383.0,0.14531464184851361,0.042115412163969586,40.0,0.0008856959810303373,0.7608537155145966,0.020651681353643203,False,COMPLETE
201,0.5689112496502097,2025-11-30 05:35:56.988027,2025-11-30 05:40:35.786507,0 days 00:04:38.798480,11.0,1282.0,0.20097774566557577,0.03189728763414919,41.0,0.0006480161460809839,0.7777306651639525,0.019472023907501843,False,COMPLETE
164,0.5685713755125444,2025-11-30 02:53:10.662746,2025-11-30 02:56:20.251897,0 days 00:03:09.589151,10.0,1280.0,0.09630770023171063,0.07578237883837699,41.0,0.0005103544000562042,0.7480599631625233,0.020421753096618502,False,COMPLETE
161,0.5683171933743908,2025-11-30 02:44:34.936990,2025-11-30 02:47:19.145399,0 days 00:02:44.208409,10.0,1206.0,0.08921174835944193,0.09594590292748746,39.0,0.000547044161207831,0.7919954875333952,0.019891722442797983,False,COMPLETE
203,0.5678730837235721,2025-11-30 05:45:17.828356,2025-11-30 05:50:15.615460,0 days 00:04:57.787104,11.0,1357.0,0.18018034073772685,0.03766008106299795,41.0,0.0006623854880237505,0.7919728444110133,0.02088284769872809,False,COMPLETE
192,0.5677689617708884,2025-11-30 04:55:45.135820,2025-11-30 04:59:36.546328,0 days 00:03:51.410508,11.0,1197.0,0.10890909965504109,0.08538409751691912,40.0,0.0003492721073199198,0.7380193993766234,0.020812984010531888,False,COMPLETE
162,0.567652911367536,2025-11-30 02:47:19.164657,2025-11-30 02:50:08.196220,0 days 00:02:49.031563,10.0,1201.0,0.08421471271656572,0.09617376789837373,41.0,0.0005500193743296353,0.7703635704630435,0.018638097538035702,False,COMPLETE
199,0.5676342722420481,2025-11-30 05:26:35.526524,2025-11-30 05:31:11.685387,0 days 00:04:36.158863,11.0,1266.0,0.14288230831364881,0.04016881948541032,41.0,0.000500599982860097,0.7590543238673219,0.02083776600583286,False,COMPLETE
196,0.567324485367543,2025-11-30 05:13:06.228908,2025-11-30 05:17:38.250547,0 days 00:04:32.021639,11.0,1240.0,0.09164948985388312,0.06549383079368862,39.0,0.0004435098157260631,0.73302267247509,0.021839150090681946,False,COMPLETE
193,0.5671425298696817,2025-11-30 04:59:36.564303,2025-11-30 05:03:57.733960,0 days 00:04:21.169657,11.0,1201.0,0.12309770693305581,0.08815153639191567,39.0,0.00037382107167843265,0.7381669635925165,0.0217180906560503,False,COMPLETE
198,0.5661691275583207,2025-11-30 05:22:02.465543,2025-11-30 05:26:35.509046,0 days 00:04:33.043503,11.0,1260.0,0.16203899719426076,0.035492165695847344,39.0,0.0004752343294166654,0.7529097637563408,0.02100581808691796,False,COMPLETE
167,0.5659659144439552,2025-11-30 03:02:50.124262,2025-11-30 03:07:19.581200,0 days 00:04:29.456938,11.0,1228.0,0.055657147904138456,0.06236297333911779,41.0,0.00033397888692890756,0.7373467040283385,0.022492600396113862,False,COMPLETE
159,0.5652530505355027,2025-11-30 02:39:28.930684,2025-11-30 02:41:21.241373,0 days 00:01:52.310689,9.0,1202.0,0.2471404206689479,0.14685424475646336,47.0,0.0005069315751637564,0.7496959578860591,0.02000149444947319,False,COMPLETE
214,0.5646105083333126,2025-11-30 06:37:38.959496,2025-11-30 06:42:50.017500,0 days 00:05:11.058004,11.0,1423.0,0.08993783562683065,0.029650188360239065,39.0,0.0008880604078037174,0.8086882878200524,0.021395429239325782,False,COMPLETE
223,0.5636742855358294,2025-11-30 07:21:39.216289,2025-11-30 07:26:27.419270,0 days 00:04:48.202981,11.0,1327.0,0.15054603485029258,0.03787484752318593,43.0,0.0008578846898509168,0.761883983016738,0.022631762107029278,False,COMPLETE
210,0.5631600660321385,2025-11-30 06:19:48.279950,2025-11-30 06:24:34.872282,0 days 00:04:46.592332,11.0,1336.0,0.12329748231402994,0.024649448915482274,40.0,0.0006600648150488626,0.7606676885577529,0.020654155487505113,False,COMPLETE
208,0.5617728406320439,2025-11-30 06:09:56.441589,2025-11-30 06:14:50.213764,0 days 00:04:53.772175,11.0,1367.0,0.26414492389357536,0.02557837000219855,42.0,0.000746578798112018,0.7721843386214692,0.02164770461212029,False,COMPLETE
185,0.5615270039048244,2025-11-30 04:23:30.010698,2025-11-30 04:27:56.445812,0 days 00:04:26.435114,11.0,1198.0,0.13753656654283214,0.07432941776610642,36.0,0.00039562952751226433,0.771084052594665,0.025029018688767696,False,COMPLETE
143,0.5611235642933728,2025-11-30 02:15:23.794071,2025-11-30 02:16:50.438590,0 days 00:01:26.644519,8.0,1143.0,0.3541641974326877,0.12498061713793567,46.0,0.0005846966423391743,0.5692228091524572,0.020167526533431946,False,COMPLETE
212,0.5610309749413636,2025-11-30 06:28:00.532403,2025-11-30 06:32:50.102374,0 days 00:04:49.569971,11.0,1345.0,0.1279349307655351,0.022372851538871873,42.0,0.0008587711574228811,0.7862560071035409,0.021352252014405222,False,COMPLETE
175,0.5609794609698563,2025-11-30 03:39:38.125837,2025-11-30 03:44:04.798190,0 days 00:04:26.672353,11.0,1211.0,0.04217429585107366,0.08272903244913382,25.0,0.00031085460023702475,0.732589856174699,0.025531269592240433,False,COMPLETE
207,0.5609045291329648,2025-11-30 06:05:08.191550,2025-11-30 06:09:56.415790,0 days 00:04:48.224240,11.0,1340.0,0.1570827744903377,0.025875595159355554,42.0,0.0005995694936125625,0.7714636676744366,0.02210362287020764,False,COMPLETE
122,0.5605772606699696,2025-11-30 01:43:16.776798,2025-11-30 01:44:42.904743,0 days 00:01:26.127945,8.0,1156.0,0.39305922857901493,0.1073362025095138,49.0,0.0003615857458826219,0.5446197420407941,0.020082362677481855,False,COMPLETE
183,0.560134379731754,2025-11-30 04:16:59.205739,2025-11-30 04:21:26.664796,0 days 00:04:27.459057,11.0,1200.0,0.14147707808325982,0.08569615190062208,37.0,0.0004648121427296936,0.77222987144227,0.02592433627180474,False,COMPLETE
157,0.5597819055027133,2025-11-30 02:36:19.586671,2025-11-30 02:37:53.148640,0 days 00:01:33.561969,8.0,1248.0,0.40998328957834423,0.11758145192899119,49.0,0.0007776997479967051,0.5725840384730526,0.020890737395767238,False,COMPLETE
169,0.5596098926796795,2025-11-30 03:11:50.888602,2025-11-30 03:16:26.482655,0 days 00:04:35.594053,11.0,1255.0,0.147889214200247,0.08252971549218857,46.0,0.0005263975516931468,0.7330846015623462,0.026227840779009932,False,COMPLETE
211,0.5594029506114508,2025-11-30 06:24:40.976278,2025-11-30 06:28:00.515457,0 days 00:03:19.539179,10.0,1370.0,0.19864992650344562,0.027054271066687383,40.0,0.0006964496581035244,0.7559557828633523,0.02074062090312782,False,COMPLETE
134,0.5592834316352558,2025-11-30 02:00:44.149147,2025-11-30 02:02:14.957751,0 days 00:01:30.808604,8.0,1224.0,0.5147585214963902,0.09676310047742818,39.0,0.0005875634985154689,0.5466306018580066,0.020617193629386858,False,COMPLETE
216,0.5592723371768178,2025-11-30 06:47:41.447758,2025-11-30 06:52:47.068634,0 days 00:05:05.620876,11.0,1403.0,0.10225640159497076,0.02494742535292626,41.0,0.0006971397452894286,0.8356650442211221,0.023035759402719208,False,COMPLETE
66,0.5591564074392867,2025-11-30 00:33:55.750634,2025-11-30 00:35:12.437422,0 days 00:01:16.686788,7.0,1211.0,0.1523161060938667,0.16018920413773846,66.0,0.0003768511968761814,0.6390236611159018,0.019833839222419332,False,COMPLETE
170,0.5587308612597786,2025-11-30 03:16:26.504395,2025-11-30 03:21:02.939851,0 days 00:04:36.435456,11.0,1252.0,0.07648570799719355,0.0978728110204545,34.0,0.0004913179468407387,0.7340141436543937,0.026611962527267725,False,COMPLETE
172,0.5585643488730099,2025-11-30 03:25:53.544594,2025-11-30 03:30:28.829441,0 days 00:04:35.284847,11.0,1245.0,0.09235865983670345,0.09999456580199187,37.0,0.0005014067863884283,0.7374763735848164,0.02667214633521721,False,COMPLETE
47,0.5584906344269855,2025-11-30 00:15:16.432116,2025-11-30 00:16:26.780723,0 days 00:01:10.348607,7.0,1164.0,1.2127910441097172,0.1365411835785442,53.0,-5.6642879788728385e-05,0.5499247342487308,0.019184253481936392,False,COMPLETE
174,0.5584558739607333,2025-11-30 03:35:06.154437,2025-11-30 03:39:38.105613,0 days 00:04:31.951176,11.0,1235.0,0.05052301244648915,0.0848981664337963,30.0,0.00043570950898327377,0.7382958897860806,0.026699444543547717,False,COMPLETE
72,0.5582089183564423,2025-11-30 00:44:27.608162,2025-11-30 00:45:48.225202,0 days 00:01:20.617040,8.0,1070.0,1.5406495058804182,0.11994370622968863,58.0,0.0006026807446001693,0.5467953206883712,0.021415235821853198,False,COMPLETE
130,0.558108209779585,2025-11-30 01:54:37.702317,2025-11-30 01:56:06.807579,0 days 00:01:29.105262,8.0,1181.0,0.8944672703376509,0.08396227159166895,43.0,0.00032323420047911566,0.5680425865137381,0.020962585660662638,False,COMPLETE
76,0.5572614463001757,2025-11-30 00:49:31.022040,2025-11-30 00:50:40.179318,0 days 00:01:09.157278,7.0,1026.0,1.700883561274784,0.14976023281092168,59.0,-0.0002171642573249798,0.708553151202489,0.020279919304399714,False,COMPLETE
186,0.5570977312645558,2025-11-30 04:27:56.462825,2025-11-30 04:32:21.231925,0 days 00:04:24.769100,11.0,1199.0,0.14472614395360608,0.06428902475159753,36.0,0.0005886438452104972,0.7709155955238012,0.026837243354173583,False,COMPLETE
176,0.5563490821586894,2025-11-30 03:44:04.823498,2025-11-30 03:48:28.122729,0 days 00:04:23.299231,11.0,1206.0,0.04094135444071183,0.06383167059975224,21.0,0.0002985625754504148,0.7311038832321332,0.0273714277718631,False,COMPLETE
179,0.5558183956203449,2025-11-30 04:00:07.020248,2025-11-30 04:04:38.937376,0 days 00:04:31.917128,11.0,1238.0,0.043665473960997535,0.08026404821538519,22.0,0.00034988163838600066,0.7386549730000556,0.02835382508636279,False,COMPLETE
222,0.5557566037577303,2025-11-30 07:16:38.505661,2025-11-30 07:21:39.198766,0 days 00:05:00.693105,11.0,1414.0,0.16104239315560476,0.018019887644981435,41.0,0.0006138524105589949,0.7782515160808319,0.022188619944328136,False,COMPLETE
123,0.5552897287967384,2025-11-30 01:44:42.923723,2025-11-30 01:46:13.625143,0 days 00:01:30.701420,8.0,1231.0,0.3196273202155654,0.09689457133667224,49.0,0.0005229903727740332,0.5383815794125971,0.022461050552350894,False,COMPLETE
132,0.5543545089558708,2025-11-30 01:57:45.050849,2025-11-30 01:59:14.477249,0 days 00:01:29.426400,8.0,1187.0,0.3316392809265637,0.08501176010809562,44.0,0.00040586247276158666,0.5666759853097411,0.022114701754555755,False,COMPLETE
135,0.5542903122826331,2025-11-30 02:02:14.975273,2025-11-30 02:03:50.528216,0 days 00:01:35.552943,8.0,1275.0,0.4604932896550467,0.07337432944576408,44.0,0.0006477423451601912,0.5697302346038061,0.018576609591528986,False,COMPLETE
92,0.554240241557408,2025-11-30 01:10:09.314767,2025-11-30 01:11:15.212542,0 days 00:01:05.897775,7.0,1077.0,0.23722134095550823,0.1227776901274117,54.0,-0.00029154312114760487,0.5476383642873008,0.020372184021783667,False,COMPLETE
190,0.5539810010376249,2025-11-30 04:45:37.348311,2025-11-30 04:48:53.366632,0 days 00:03:16.018321,10.0,1310.0,0.17685993543918335,0.046685373950443684,38.0,0.0005344871780983003,0.81153150971305,0.025722376392692807,False,COMPLETE
146,0.5539241587207964,2025-11-30 02:19:48.992638,2025-11-30 02:21:16.845488,0 days 00:01:27.852850,8.0,1180.0,0.18173084074087412,0.12284405944288271,43.0,0.0007667847255191003,0.5477761695291332,0.022954555705547358,False,COMPLETE
103,0.5537159422486825,2025-11-30 01:21:31.938413,2025-11-30 01:22:43.558356,0 days 00:01:11.619943,7.0,1170.0,0.6231611753700343,0.11064783602903955,56.0,-0.0002925631169921394,0.5689877859983233,0.018302529871216465,False,COMPLETE
52,0.5536863477686867,2025-11-30 00:20:18.912289,2025-11-30 00:21:28.739932,0 days 00:01:09.827643,7.0,1177.0,0.02013541407379179,0.12053240938072175,54.0,-0.0005490582693490531,0.5240094562298442,0.020883191462381004,False,COMPLETE
86,0.5533128230770121,2025-11-30 01:02:11.704799,2025-11-30 01:03:25.523701,0 days 00:01:13.818902,8.0,954.0,1.5974078030949044,0.10840015814292858,49.0,-0.00047574746728664796,0.5634281737169363,0.022564692166852956,False,COMPLETE
112,0.5532646452185026,2025-11-30 01:32:11.320275,2025-11-30 01:33:19.587303,0 days 00:01:08.267028,7.0,1111.0,0.7027643614014671,0.10705862254853411,54.0,-0.000570359380393234,0.5644824372329621,0.020591638429001382,False,COMPLETE
119,0.552991843573992,2025-11-30 01:40:22.208701,2025-11-30 01:41:53.931085,0 days 00:01:31.722384,8.0,1241.0,0.11852277883080266,0.10722539338527075,49.0,0.000118813843450851,0.5444174168510025,0.023300820718914865,False,COMPLETE
74,0.5529311671902117,2025-11-30 00:46:56.509790,2025-11-30 00:48:05.778740,0 days 00:01:09.268950,7.0,1099.0,1.6522226470614474,0.16067931876553027,63.0,0.0005317825318973048,0.6106536697653702,0.021895977740992265,False,COMPLETE
82,0.5527833430730545,2025-11-30 00:57:39.272143,2025-11-30 00:58:48.012386,0 days 00:01:08.740243,7.0,1102.0,4.119249534367898,0.14131104931483618,53.0,3.0461866723665676e-05,0.5917348119905802,0.021685939498499167,False,COMPLETE
163,0.5527621926010564,2025-11-30 02:50:08.213831,2025-11-30 02:53:10.645445,0 days 00:03:02.431614,10.0,1213.0,0.033077544031106014,0.09244596378587694,39.0,0.001054273490070329,0.7868058247728433,0.027783835371353496,False,COMPLETE
106,0.5525033908132644,2025-11-30 01:24:58.461590,2025-11-30 01:26:06.459985,0 days 00:01:07.998395,7.0,1111.0,1.798425696373649,0.10919625891308785,46.0,2.3099396378031726e-05,0.55556440200106,0.018416208709378382,False,COMPLETE
178,0.5523194359526982,2025-11-30 03:53:00.734592,2025-11-30 04:00:07.002366,0 days 00:07:06.267774,12.0,1209.0,0.022736658155913293,0.08341397554891383,31.0,0.0004242976606221692,0.75462555621403,0.034509437085148253,False,COMPLETE
206,0.5520292307705588,2025-11-30 06:00:11.991473,2025-11-30 06:05:08.174590,0 days 00:04:56.183117,11.0,1349.0,0.22285271171422458,0.034820368221906456,40.0,0.0008109025768350741,0.7994379087513157,0.018314899408404375,False,COMPLETE
104,0.5518867640431099,2025-11-30 01:22:43.576587,2025-11-30 01:23:50.788710,0 days 00:01:07.212123,7.0,1110.0,0.7604499341696529,0.1107156431312488,54.0,-0.00029041899117174664,0.5375860613957578,0.020669401958099375,False,COMPLETE
115,0.5517531291857571,2025-11-30 01:35:35.657768,2025-11-30 01:36:43.710165,0 days 00:01:08.052397,7.0,1101.0,0.49952179762333015,0.0891620557801884,61.0,-0.0007748396510249354,0.5692874524344858,0.020172235986703084,False,COMPLETE
152,0.5512960159671564,2025-11-30 02:29:18.929152,2025-11-30 02:30:34.496507,0 days 00:01:15.567355,8.0,978.0,1.229193032953474,0.11651336853680491,45.0,0.00047584179124635626,0.5654716620736405,0.023672232457857365,False,COMPLETE
173,0.5507887054822105,2025-11-30 03:30:28.854784,2025-11-30 03:35:06.129933,0 days 00:04:37.275149,11.0,1253.0,0.025446119518255123,0.09678545268599294,28.0,0.0005089787678548021,0.7546084768180836,0.0313581674216656,False,COMPLETE
50,0.550389149864962,2025-11-30 00:18:42.860194,2025-11-30 00:19:52.231293,0 days 00:01:09.371099,7.0,1165.0,0.013090923439371646,0.12464296866173856,64.0,-0.00046687182782265146,0.52483490149975,0.0222622742713301,False,COMPLETE
63,0.5503171429796148,2025-11-30 00:30:24.333411,2025-11-30 00:31:35.780445,0 days 00:01:11.447034,7.0,1169.0,0.14139518900215317,0.12127625527224499,57.0,-0.0003071915255986667,0.5713251280753099,0.02238108325655945,False,COMPLETE
45,0.5502611887630939,2025-11-30 00:13:54.033128,2025-11-30 00:15:03.709324,0 days 00:01:09.676196,7.0,1125.0,0.9251230459119032,0.13484766830134598,56.0,-0.0010242132580616772,0.5809855716837653,0.022847487087721993,False,COMPLETE
195,0.5497296153814304,2025-11-30 05:08:22.904831,2025-11-30 05:13:06.210111,0 days 00:04:43.305280,11.0,1278.0,0.054502483216980674,0.08830851947148731,37.0,0.00027197249534226524,0.7662108658858856,0.0320769870282593,False,COMPLETE
140,0.5494792435514194,2025-11-30 02:10:18.143348,2025-11-30 02:12:13.289740,0 days 00:01:55.146392,9.0,1170.0,0.2208107454936857,0.07150575529370957,32.0,0.0007267170626580441,0.5513790209842079,0.025604936004667504,False,COMPLETE
90,0.5492992772868314,2025-11-30 01:06:43.247222,2025-11-30 01:07:53.304023,0 days 00:01:10.056801,8.0,899.0,1.3934289087837781,0.09319160748288868,41.0,-0.0005003734588892051,0.563063862876086,0.04706996113917561,True,COMPLETE
57,0.5491681062989929,2025-11-30 00:25:24.118553,2025-11-30 00:26:30.849531,0 days 00:01:06.730978,7.0,1071.0,0.01804373038350807,0.10134958049291433,64.0,0.0006782111027899903,0.5787563549578736,0.021637519558374507,False,COMPLETE
127,0.5488416040542818,2025-11-30 01:51:18.952532,2025-11-30 01:52:48.127499,0 days 00:01:29.174967,8.0,1233.0,0.06286082514378998,0.12045858375929527,58.0,0.00023292747244262085,0.508343580963529,0.025186630672094312,False,COMPLETE
154,0.5487875868825284,2025-11-30 02:32:06.392406,2025-11-30 02:33:33.304887,0 days 00:01:26.912481,8.0,1183.0,2.2192334669073714,0.13418959840356118,37.0,0.0009158933774699612,0.5266396975293469,0.025035684653965426,False,COMPLETE
142,0.5457204849222101,2025-11-30 02:13:54.108833,2025-11-30 02:15:23.776556,0 days 00:01:29.667723,8.0,1197.0,0.7130472683891735,0.1009693766795685,44.0,0.00033127039233454597,0.5578105368378913,0.01816296663768667,False,COMPLETE
93,0.5451459743408688,2025-11-30 01:11:15.233338,2025-11-30 01:12:21.052653,0 days 00:01:05.819315,7.0,1074.0,0.28768694044366183,0.14271812175614126,53.0,-0.00041021905881149677,0.5494518128813715,0.024478570958373032,False,COMPLETE
43,0.5445160670015886,2025-11-30 00:11:03.278283,2025-11-30 00:12:28.073386,0 days 00:01:24.795103,8.0,1142.0,1.0783136311253487,0.12090121777371524,57.0,-0.0010166215316075064,0.5425677448642063,0.02678044824715784,False,COMPLETE
78,0.5430717283433995,2025-11-30 00:52:00.689174,2025-11-30 00:53:37.996346,0 days 00:01:37.307172,8.0,1197.0,0.4099181937127768,0.11373584044553463,59.0,0.0001753230397883765,0.7150447726504948,0.055335930985478746,True,COMPLETE
62,0.5424480578539532,2025-11-30 00:29:13.383403,2025-11-30 00:30:24.315602,0 days 00:01:10.932199,7.0,1160.0,0.02393032800363135,0.1336035342002352,60.0,-0.0008448479354312743,0.5724630645695455,0.02561550882116342,False,COMPLETE
160,0.5418141894960697,2025-11-30 02:41:21.261973,2025-11-30 02:44:29.117263,0 days 00:03:07.855290,10.0,1254.0,0.2394466033760533,0.15409397037394656,43.0,0.0004186032804246112,0.7628245471444077,0.03389028663991199,False,COMPLETE
44,0.5413454190144671,2025-11-30 00:12:28.092470,2025-11-30 00:13:54.015615,0 days 00:01:25.923145,8.0,1129.0,0.9613818033502439,0.13996231234917336,60.0,-0.0009756019767521147,0.5847187333264029,0.02829224781582085,False,COMPLETE
91,0.5413059142883926,2025-11-30 01:08:03.429072,2025-11-30 01:10:09.296595,0 days 00:02:05.867523,10.0,865.0,9.910565927157561,0.06784808317280787,49.0,0.00044961054058151057,0.6603651114674223,0.028955511574124976,False,COMPLETE
42,0.541284711978562,2025-11-30 00:09:13.710401,2025-11-30 00:11:03.258363,0 days 00:01:49.547962,9.0,1126.0,0.7206244477285632,0.12784375755576555,57.0,-0.0009970417217632019,0.5179166402767903,0.02971700365626917,False,COMPLETE
97,0.5409474756308409,2025-11-30 01:15:16.125639,2025-11-30 01:16:27.353140,0 days 00:01:11.227501,7.0,1114.0,5.608927753442817,0.10697128487081421,55.0,0.000539293064806619,0.6350298147980794,0.025288261726864388,False,COMPLETE
184,0.5379243135663728,2025-11-30 04:21:26.682558,2025-11-30 04:23:29.993572,0 days 00:02:03.311014,11.0,538.0,0.0320850160924688,0.08815270010712992,30.0,0.000481374255661927,0.7786984297554191,0.03179523199529718,False,COMPLETE
156,0.5376524549171847,2025-11-30 02:34:53.591761,2025-11-30 02:36:19.569289,0 days 00:01:25.977528,8.0,1157.0,0.16636105246987565,0.16832410358905447,45.0,-0.00025366215337454455,0.5397793235821027,0.030018891105418395,False,COMPLETE
114,0.5376236923043295,2025-11-30 01:34:26.531405,2025-11-30 01:35:35.638249,0 days 00:01:09.106844,7.0,1117.0,1.966743564687497,0.14289437337742936,57.0,0.0008565410384822471,0.5856228709769229,0.02701695390854876,False,COMPLETE
144,0.5372382743630592,2025-11-30 02:16:50.457329,2025-11-30 02:18:16.947419,0 days 00:01:26.490090,8.0,1146.0,0.41080703280459263,0.1302377432179986,46.0,0.0005886092238150102,0.5702841993479852,0.02963557220712081,False,COMPLETE
220,0.5366658194158774,2025-11-30 07:07:55.022523,2025-11-30 07:11:30.829627,0 days 00:03:35.807104,10.0,1449.0,0.0620497128969747,0.04152268766892359,39.0,0.0008718572190887796,0.8201486062402681,0.03211548167441345,False,COMPLETE
153,0.5366411344026628,2025-11-30 02:30:34.519210,2025-11-30 02:32:06.365986,0 days 00:01:31.846776,8.0,1231.0,0.536090816694267,0.08243590026524153,48.0,0.000629706891670522,0.5570956413552266,0.018080264559535576,False,COMPLETE
136,0.5360760193902046,2025-11-30 02:03:50.545938,2025-11-30 02:05:28.919300,0 days 00:01:38.373362,8.0,1317.0,0.4444701140339504,0.09372120972264932,35.0,0.0009501265847978407,0.5759891248165914,0.02956188980704976,False,COMPLETE
168,0.5355099871400564,2025-11-30 03:07:19.601012,2025-11-30 03:11:50.871701,0 days 00:04:31.270689,11.0,1232.0,0.05062849199452652,0.060148444861578367,41.0,0.00032477791924145536,0.7713833888986648,0.03703845412858567,False,COMPLETE
215,0.5353261267528155,2025-11-30 06:42:50.034784,2025-11-30 06:47:41.430145,0 days 00:04:51.395361,11.0,1338.0,0.08092845549179113,0.02981665354894081,39.0,0.0010380668817070698,0.8090863827015936,0.032661620367077704,False,COMPLETE
177,0.532475464908699,2025-11-30 03:48:28.140430,2025-11-30 03:53:00.717364,0 days 00:04:32.576934,11.0,1249.0,0.0654376524534554,0.07242584241826615,26.0,0.0001953540595309035,0.7264841042340962,0.04058215018706028,False,COMPLETE
108,0.5318230686692965,2025-11-30 01:28:00.020289,2025-11-30 01:29:34.688075,0 days 00:01:34.667786,8.0,1227.0,0.35282767198079373,0.15603340141110306,46.0,-0.00020434438235056432,0.6234079647410448,0.0324448660933829,False,COMPLETE
188,0.5308489704213294,2025-11-30 04:36:58.038290,2025-11-30 04:41:21.892919,0 days 00:04:23.854629,11.0,1213.0,0.08979270520418332,0.054684096341475065,33.0,0.0003833214160821926,0.7293939565677543,0.03822171010953548,False,COMPLETE
99,0.5303642380305817,2025-11-30 01:17:44.065128,2025-11-30 01:19:00.777318,0 days 00:01:16.712190,7.0,1064.0,0.26816040125355317,0.17918357233361937,48.0,-0.0006478629056852466,0.8554346944300681,0.030670101132791866,False,COMPLETE
171,0.5300097330164291,2025-11-30 03:21:08.450837,2025-11-30 03:25:53.527213,0 days 00:04:45.076376,11.0,1296.0,0.07255708465666241,0.09564496640454188,35.0,0.0005554537214082883,0.7389333281267165,0.04602154260378481,False,COMPLETE
124,0.5291901871956186,2025-11-30 01:46:13.642464,2025-11-30 01:48:16.047117,0 days 00:02:02.404653,9.0,1261.0,0.3239385392274224,0.10446971695695036,49.0,0.00037650742043797,0.5361546296477172,0.03455834849677538,False,COMPLETE
85,0.5256221461383983,2025-11-30 01:01:03.357665,2025-11-30 01:02:11.682098,0 days 00:01:08.324433,7.0,1097.0,6.645502132975544,0.14781483933358097,58.0,-0.0003461910276778953,0.5936622553105203,0.031547397079606576,False,COMPLETE
150,0.5256173424716828,2025-11-30 02:26:12.224554,2025-11-30 02:27:35.853618,0 days 00:01:23.629064,8.0,1158.0,0.12151259017530222,0.015876668462696062,42.0,0.0004124713562447269,0.500632065925368,0.021264805055434956,False,COMPLETE
67,0.5246137982643264,2025-11-30 00:35:12.457217,2025-11-30 00:36:17.267051,0 days 00:01:04.809834,6.0,1218.0,0.13871951199281926,0.1625099970636437,72.0,0.00043421449164981205,0.6365642179471679,0.017937790312739635,False,COMPLETE
68,0.5240021102202779,2025-11-30 00:36:17.284264,2025-11-30 00:41:07.878624,0 days 00:04:50.594360,12.0,871.0,0.0036456841192174737,0.0401191832218064,66.0,0.0005381787420341982,0.5802749031892452,0.038913174515602784,False,COMPLETE
26,0.5228260436790595,2025-11-29 23:46:41.958519,2025-11-29 23:47:51.117833,0 days 00:01:09.159314,7.0,1144.0,7.911472584544769,0.19644872445135148,73.0,-0.0018393406593305364,0.5583118560575226,0.033079734866816965,False,COMPLETE
87,0.5162104858681883,2025-11-30 01:03:25.543677,2025-11-30 01:04:40.536314,0 days 00:01:14.992637,8.0,951.0,1.5749571953414783,0.10599620376305628,46.0,0.00028293343056838257,0.610096861418637,0.03530047831359748,False,COMPLETE
149,0.5158523942147634,2025-11-30 02:24:20.286277,2025-11-30 02:26:12.199897,0 days 00:01:51.913620,9.0,1136.0,0.0740445158396866,0.09476117364177039,41.0,0.0008177059237816905,0.5493022195308648,0.03848222404677723,False,COMPLETE
116,0.5152276092019027,2025-11-30 01:36:43.728775,2025-11-30 01:37:47.345729,0 days 00:01:03.616954,7.0,1033.0,5.177708351570285,0.12524941095659334,59.0,-0.00017384931951854916,0.555405244472072,0.03368459803350353,False,COMPLETE
77,0.514422606401061,2025-11-30 00:50:40.196482,2025-11-30 00:52:00.671450,0 days 00:01:20.474968,7.0,1241.0,1.430758557800216,0.17274822640735737,69.0,-0.00024582903735502796,0.6972705134246001,0.03656945933373931,False,COMPLETE
83,0.5135812229683335,2025-11-30 00:58:48.029532,2025-11-30 00:59:49.045487,0 days 00:01:01.015955,7.0,980.0,4.864054533176412,0.16192844568620732,53.0,-6.793775028414446e-06,0.552543194564632,0.017321282495362834,False,COMPLETE
95,0.511575692686695,2025-11-30 01:13:23.060652,2025-11-30 01:14:20.461409,0 days 00:00:57.400757,7.0,940.0,0.5709417631616964,0.1517984058380979,36.0,-0.0007255507177796406,0.5131030701312974,0.03521291311940709,False,COMPLETE
191,0.511213073996307,2025-11-30 04:48:59.256599,2025-11-30 04:55:45.118508,0 days 00:06:45.861909,12.0,1223.0,0.0119805232075843,0.11167197502542568,30.0,0.00018723509538741683,0.7513423225451111,0.1539697027572363,False,COMPLETE
139,0.5111312964917228,2025-11-30 02:08:41.817698,2025-11-30 02:10:18.125361,0 days 00:01:36.307663,8.0,1338.0,0.5105998009679702,0.05841678826627337,38.0,0.0008548696420096979,0.5245510309678525,0.03580321170268595,False,COMPLETE
61,0.5106319248933537,2025-11-30 00:28:06.459565,2025-11-30 00:29:13.365896,0 days 00:01:06.906331,6.0,1229.0,0.06625655311341282,0.17044788532910493,44.0,0.0013349964058957475,0.6927744788889547,0.06871859080059334,True,COMPLETE
29,0.5089418751455705,2025-11-29 23:50:23.854912,2025-11-29 23:52:04.687909,0 days 00:01:40.832997,8.0,1316.0,0.25039803240112346,0.06682498787447373,78.0,-0.0016016063438847351,0.6249435042736218,0.03782406720415086,False,COMPLETE
53,0.508670506861318,2025-11-30 00:21:28.764396,2025-11-30 00:22:40.826495,0 days 00:01:12.062099,7.0,1176.0,0.008988470256574014,0.15674903562433093,47.0,-0.00044531018692209497,0.5723808513046251,0.016982383528107093,False,COMPLETE
182,0.5074332996169884,2025-11-30 04:13:01.690158,2025-11-30 04:16:59.188249,0 days 00:03:57.498091,11.0,1293.0,0.07073442266838009,0.10506929009351906,33.0,0.0002622776265545688,0.7180806700920115,0.016986511561091266,False,COMPLETE
73,0.5058262519191792,2025-11-30 00:45:48.242684,2025-11-30 00:46:56.492230,0 days 00:01:08.249546,7.0,1058.0,4.47479551992177,0.12089867422538181,55.0,0.0009683594332533985,0.6483399483490304,0.03672767502172273,False,COMPLETE
126,0.5039748168169501,2025-11-30 01:49:45.410019,2025-11-30 01:51:18.935049,0 days 00:01:33.525030,8.0,1293.0,0.169189367607021,0.09469546042342321,48.0,0.0005964241317544302,0.52557182160044,0.04052880768944478,False,COMPLETE
105,0.49646365046581276,2025-11-30 01:23:50.805800,2025-11-30 01:24:58.444110,0 days 00:01:07.638310,7.0,1089.0,0.6340978750194225,0.09411301327315054,55.0,-0.0002989985841660948,0.5883424592185308,0.03927763355775863,False,COMPLETE
137,0.4926733783089856,2025-11-30 02:05:28.936684,2025-11-30 02:07:12.513517,0 days 00:01:43.576833,8.0,1281.0,0.24527832088096532,0.06659145368142141,44.0,0.0006381848728668742,0.7276104258455688,0.043025084571806815,False,COMPLETE
75,0.49261879466355984,2025-11-30 00:48:05.796748,2025-11-30 00:49:31.004682,0 days 00:01:25.207934,8.0,1103.0,4.077253866587585,0.1631104543329587,50.0,-6.470570360640304e-05,0.6147364027378295,0.046331274134494935,False,COMPLETE
111,0.4910680233432218,2025-11-30 01:31:00.345601,2025-11-30 01:32:11.303022,0 days 00:01:10.957421,7.0,1133.0,1.1659797596927537,0.0619356760754181,36.0,-0.00010650047179073789,0.6083569812199493,0.03893488330606379,False,COMPLETE
31,0.4864909077406306,2025-11-29 23:52:28.874037,2025-11-29 23:54:18.565533,0 days 00:01:49.691496,8.0,1476.0,2.357760916556784,0.007430339362772946,95.0,-0.0015792742024733036,0.6197036545486856,0.030278873777049523,False,COMPLETE
22,0.4856603533455074,2025-11-29 23:40:00.029482,2025-11-29 23:41:39.109830,0 days 00:01:39.080348,9.0,927.0,0.2684990150172601,0.10345111850162647,31.0,-0.0012673814219507037,0.5042723813016546,0.04890602429427748,False,COMPLETE
23,0.48528570361219253,2025-11-29 23:41:39.138113,2025-11-29 23:43:44.026573,0 days 00:02:04.888460,9.0,1207.0,0.3772498709257919,0.048961708870350756,39.0,-0.0011878601562333353,0.5079773203732383,0.04615838509485982,False,COMPLETE
187,0.48498712654041026,2025-11-30 04:32:21.249495,2025-11-30 04:36:58.021373,0 days 00:04:36.771878,11.0,1254.0,0.007304065360959281,0.07456287368808834,37.0,0.00045186597100999157,0.7465655407326773,0.272006801580243,True,COMPLETE
60,0.4830758713572806,2025-11-30 00:26:57.596804,2025-11-30 00:27:58.824577,0 days 00:01:01.227773,7.0,1010.0,0.013882173869610274,0.0775824645417107,69.0,-9.964026762790987e-05,0.5217392779059307,0.0422080125541737,False,COMPLETE
88,0.4810356425609357,2025-11-30 01:04:40.555604,2025-11-30 01:05:57.530329,0 days 00:01:16.974725,8.0,1032.0,0.6598627895544295,0.13513805823866218,66.0,5.563410260590485e-05,0.5159547605126693,0.016352222930714932,False,COMPLETE
65,0.4801482521400152,2025-11-30 00:32:47.090319,2025-11-30 00:33:55.733014,0 days 00:01:08.642695,7.0,1090.0,0.02987166855784063,0.055791780244939235,48.0,0.0009699773364147333,0.6078118283818725,0.04181879493149502,False,COMPLETE
25,0.4770495743137445,2025-11-29 23:45:28.240241,2025-11-29 23:46:41.940909,0 days 00:01:13.700668,7.0,1112.0,7.694465194411731,0.04392308254307467,57.0,-0.001108897783353092,0.5700830098204938,0.04109760722342421,False,COMPLETE
138,0.4761146727425516,2025-11-30 02:07:12.531486,2025-11-30 02:08:41.800878,0 days 00:01:29.269392,8.0,1222.0,1.0333123373407127,0.07893566171503211,40.0,0.0010866143859922647,0.5136827113028642,0.01666395838468614,False,COMPLETE
94,0.47601178408449935,2025-11-30 01:12:21.076760,2025-11-30 01:13:23.042909,0 days 00:01:01.966149,7.0,1003.0,3.520824780075206,0.12075327842965829,15.0,-0.00014997288927403262,0.5398078253073174,0.01631138691830765,False,COMPLETE
165,0.47589694866454785,2025-11-30 02:56:20.271105,2025-11-30 02:59:35.545674,0 days 00:03:15.274569,10.0,1316.0,0.10055954978061783,0.07622500263265965,40.0,0.0005368158050227544,0.7451603435075662,0.016210482494030634,False,COMPLETE
35,0.4727648628649148,2025-11-29 23:58:32.989422,2025-11-30 00:00:02.370766,0 days 00:01:29.381344,7.0,1494.0,9.286280847716736,0.007393214006488241,90.0,-0.001739958622992169,0.5970199488989029,0.03177915081465847,False,COMPLETE
19,0.4712196690046879,2025-11-29 23:28:28.582119,2025-11-29 23:31:51.285152,0 days 00:03:22.703033,11.0,922.0,0.08319882683377139,0.046334242117904594,38.0,-0.001210607311025352,0.5001868418657829,0.0605629426764888,False,COMPLETE
54,0.4704696638505763,2025-11-30 00:22:40.850558,2025-11-30 00:23:42.769251,0 days 00:01:01.918693,6.0,1253.0,0.04182021097472005,0.06860849685878552,54.0,-0.0005327798255406189,0.5272191230644352,0.04346560856117984,False,COMPLETE
15,0.46929072146548984,2025-11-29 23:22:53.233743,2025-11-29 23:23:59.605553,0 days 00:01:06.371810,9.0,502.0,0.020751533089658526,0.08174043446488308,29.0,-0.00034412646744600914,0.7287910739957514,0.0489979502662221,False,COMPLETE
17,0.4677679722398785,2025-11-29 23:24:34.181946,2025-11-29 23:26:15.010068,0 days 00:01:40.828122,9.0,919.0,0.13751119129063483,0.09663233942126179,32.0,-0.0012910991500962342,0.5303510705503947,0.05645404096550257,False,COMPLETE
205,0.4666922615401519,2025-11-30 05:55:04.205197,2025-11-30 06:00:11.973880,0 days 00:05:07.768683,11.0,1400.0,0.13621100174901696,0.039103199022531114,41.0,0.0006916419147147599,0.7791408124372019,0.015976417884254357,False,COMPLETE
20,0.46653145256063794,2025-11-29 23:31:51.305912,2025-11-29 23:36:29.912739,0 days 00:04:38.606827,11.0,1218.0,0.004971951664611511,0.05054016668071957,48.0,-0.00024676259062123126,0.6259288138102581,0.16554963460362984,False,COMPLETE
64,0.459539637572049,2025-11-30 00:31:35.798469,2025-11-30 00:32:47.072820,0 days 00:01:11.274351,7.0,1191.0,0.1444841728723292,0.09953516587411974,56.0,-0.00023372246426026623,0.5575975446296872,0.05257708596227189,False,COMPLETE
37,0.45566327817239816,2025-11-30 00:00:15.499941,2025-11-30 00:01:45.539356,0 days 00:01:30.039415,8.0,1127.0,0.04870621848941565,0.19983179505620433,77.0,-0.001031803630339083,0.6840029440955103,0.06931514727184865,False,COMPLETE
151,0.45461766715892243,2025-11-30 02:27:42.663604,2025-11-30 02:29:18.904182,0 days 00:01:36.240578,8.0,1186.0,0.2931042431982989,0.14429777598503346,47.0,0.0002475711767171854,0.7048627924870314,0.03126509745286,True,COMPLETE
98,0.45363285113180285,2025-11-30 01:16:27.378025,2025-11-30 01:17:44.048147,0 days 00:01:16.670122,8.0,992.0,2.965084711719571,0.05099284930014056,60.0,-3.057310855229627e-05,0.5663401974689445,0.01583641922067565,False,COMPLETE
56,0.4510796356587454,2025-11-30 00:23:56.216603,2025-11-30 00:25:24.094320,0 days 00:01:27.877717,8.0,1037.0,0.013204290120819329,0.11529286588307999,52.0,-0.0007104269767444573,0.7847059590349312,0.06289315745808169,False,COMPLETE
33,0.44012486526405264,2025-11-29 23:55:29.958105,2025-11-29 23:56:56.715104,0 days 00:01:26.756999,7.0,1393.0,0.21655947841813042,0.0022347979904391866,91.0,-0.0014583715230808217,0.6613220595775918,0.032686534495471355,False,COMPLETE
11,0.43689730626402784,2025-11-29 23:21:40.240025,2025-11-29 23:21:58.718338,0 days 00:00:18.478313,8.0,790.0,0.0004656830281748242,0.1370129533029187,11.0,-0.0008059317500084142,0.8180110169609497,0.018839085360186802,False,COMPLETE
27,0.43590000564708353,2025-11-29 23:47:51.136730,2025-11-29 23:49:08.850940,0 days 00:01:17.714210,7.0,1318.0,0.8894247845162478,0.17751118234894842,72.0,-0.0019610315142082357,0.558320437079286,0.13974296511204953,True,COMPLETE
148,0.43438352932269897,2025-11-30 02:22:49.911651,2025-11-30 02:24:20.268531,0 days 00:01:30.356880,8.0,1222.0,0.05103084877404714,0.04379154691597516,34.0,0.0007222164685366092,0.5347981501361869,0.015526319723095724,False,COMPLETE
34,0.43142136185386887,2025-11-29 23:56:56.732270,2025-11-29 23:58:32.972370,0 days 00:01:36.240100,8.0,1302.0,1.4926977953411416,0.000631827309803571,68.0,-0.0018246182135125974,0.5566293557647417,0.031367326974015015,False,COMPLETE
197,0.42859621112532287,2025-11-30 05:17:38.268417,2025-11-30 05:22:02.426427,0 days 00:04:24.158010,11.0,1201.0,0.09338717372992203,0.06573396529883734,39.0,0.000365357966998828,0.7265094843127273,0.014814777433623739,False,COMPLETE
131,0.4249419965610755,2025-11-30 01:56:13.212042,2025-11-30 01:57:45.033554,0 days 00:01:31.821512,8.0,1247.0,0.8009562771183236,0.05305030478554473,40.0,0.00032377697510271777,0.5336873081398109,0.015041806491200157,False,COMPLETE
107,0.4233567961836287,2025-11-30 01:26:06.477508,2025-11-30 01:28:00.002274,0 days 00:01:53.524766,9.0,1141.0,1.7101577765820521,0.07645563172609911,44.0,1.8515401829030968e-05,0.555515138556673,0.014689082978535536,False,COMPLETE
129,0.42006826388503954,2025-11-30 01:53:02.892113,2025-11-30 01:54:37.684327,0 days 00:01:34.792214,8.0,1156.0,0.1232253630123802,0.13213200256496824,51.0,0.0004989792556307386,0.7153267454307369,0.02954071665527082,True,COMPLETE
21,0.41940031800034244,2025-11-29 23:36:37.547518,2025-11-29 23:40:00.007513,0 days 00:03:22.459995,11.0,911.0,0.030757106892393356,0.02750017681517437,38.0,0.0019307671200763242,0.5955930822727584,0.0838935682730754,False,COMPLETE
155,0.41657373342239135,2025-11-30 02:33:33.322641,2025-11-30 02:34:53.566388,0 days 00:01:20.243747,8.0,1136.0,0.8556179833617772,0.19884112014602565,52.0,-0.0003776868645321988,0.5874124385302684,0.01440598515241521,False,COMPLETE
113,0.41375953943827876,2025-11-30 01:33:19.607375,2025-11-30 01:34:26.513847,0 days 00:01:06.906472,7.0,1080.0,2.9801952941459664,0.10410720172841742,50.0,-0.0005806586961833553,0.5625774038707871,0.01445859292606353,False,COMPLETE
189,0.4115123172990907,2025-11-30 04:41:21.909997,2025-11-30 04:45:37.331375,0 days 00:04:15.421378,11.0,1240.0,0.053881483142188005,0.1013175007286485,24.0,0.0007106399897996211,0.7874239205548614,0.01447093682073412,False,COMPLETE
209,0.40005638655660275,2025-11-30 06:14:50.231168,2025-11-30 06:19:48.262692,0 days 00:04:58.031524,11.0,1371.0,0.2396588385946929,0.027035663755554978,42.0,0.0006049117540579327,0.7727321404722888,0.014144758077309312,False,COMPLETE
16,0.3946879381215987,2025-11-29 23:23:59.639440,2025-11-29 23:24:34.155931,0 days 00:00:34.516491,7.0,514.0,0.0797842549854998,0.07546611509501026,30.0,-0.0003202195829478091,0.7184495139483544,0.054440663399260236,False,COMPLETE
9,0.38542142932625306,2025-11-29 23:19:59.621486,2025-11-29 23:20:21.575514,0 days 00:00:21.954028,10.0,670.0,3.053445585252905e-08,0.019892127055062332,20.0,-0.0006890999843403908,0.8310814717353934,0.016254525578762526,False,COMPLETE
18,0.38111072648227534,2025-11-29 23:26:15.035730,2025-11-29 23:28:28.557756,0 days 00:02:13.522026,9.0,1244.0,8.499841673372206,0.08849544385282866,61.0,-0.001348483994501295,0.5281345467067451,0.1308069363375437,False,COMPLETE
125,0.3732883471933802,2025-11-30 01:48:16.064636,2025-11-30 01:49:45.391423,0 days 00:01:29.326787,8.0,1195.0,0.5393607520049976,0.0702373650451755,56.0,0.0004602738676094402,0.5485292242176512,0.013526081175973764,False,COMPLETE
69,0.28203960152462876,2025-11-30 00:41:07.895502,2025-11-30 00:42:06.552383,0 days 00:00:58.656881,7.0,960.0,0.42002822129163503,0.0777032623558388,52.0,0.0003087365860620796,0.5039337858212675,0.010879886107551431,False,COMPLETE
12,0.27795306518623647,2025-11-29 23:21:58.739103,2025-11-29 23:22:15.556338,0 days 00:00:16.817235,8.0,809.0,0.00014680132590027577,0.14698910514890495,10.0,-0.0008683515983568739,0.8110965641388963,0.01271217035603712,False,COMPLETE
102,0.2759796131371072,2025-11-30 01:20:19.923548,2025-11-30 01:21:31.919720,0 days 00:01:11.996172,7.0,1149.0,1.2211897975192965,0.12543510142955439,51.0,-0.00038197023715955586,0.6004252905937659,0.010324663841311792,False,COMPLETE
145,0.2724252479096868,2025-11-30 02:18:16.965051,2025-11-30 02:19:48.975311,0 days 00:01:32.010260,8.0,1207.0,0.3086972562872753,0.14875274721050463,39.0,0.0006725764387992829,0.5802762181500136,0.01032609203302474,False,COMPLETE
133,0.27157076197841107,2025-11-30 01:59:14.494800,2025-11-30 02:00:44.132293,0 days 00:01:29.637493,8.0,1185.0,0.34601870186966127,0.08382197989857182,43.0,0.0003946356795506113,0.5656810657899226,0.010298584191021252,False,COMPLETE
84,0.27064907695675905,2025-11-30 00:59:49.063023,2025-11-30 01:01:03.340577,0 days 00:01:14.277554,7.0,1157.0,2.5669258049667443,0.1974814554611208,42.0,0.00021080209832672513,0.6487908068666514,0.01022485135694253,False,COMPLETE
49,0.26672584960160056,2025-11-30 00:17:31.078307,2025-11-30 00:18:42.843458,0 days 00:01:11.765151,6.0,1095.0,0.10364206521987583,0.03546806534249084,54.0,-0.0009796631860018467,0.9843868239092461,0.010497572112000239,False,COMPLETE
8,0.2330634959870932,2025-11-29 23:19:38.366780,2025-11-29 23:19:59.587889,0 days 00:00:21.221109,6.0,618.0,8.447698069129052e-08,0.020400937217487102,31.0,0.001206414526259649,0.5719040800833614,0.23826422347392112,True,COMPLETE
48,0.226193730306156,2025-11-30 00:16:26.799875,2025-11-30 00:17:31.060568,0 days 00:01:04.260693,7.0,1049.0,0.9639108308596257,0.1406152804534344,51.0,8.956738694373755e-05,0.5388352748084183,0.017568913958955417,True,COMPLETE
372,7.298629401999938e-07,2025-11-30 09:38:08.324404,2025-11-30 09:39:26.442897,0 days 00:01:18.118493,10.0,999.0,0.08132856820915457,0.09022087434498098,46.0,0.00040357948347911784,0.7696519820816573,0.002499800389579164,,COMPLETE
377,7.281027487627321e-07,2025-11-30 09:42:35.656780,2025-11-30 09:43:54.153087,0 days 00:01:18.496307,10.0,999.0,0.32676488915196056,0.09459319552468033,80.0,0.0004966040539430201,0.7603720130014218,0.002499961345116302,,COMPLETE
375,7.28050432831127e-07,2025-11-30 09:39:59.534070,2025-11-30 09:41:17.535238,0 days 00:01:18.001168,10.0,999.0,0.043781816569943094,0.1124488321589882,40.0,0.0004969758831948185,0.7548029138781223,0.002499824233661921,,COMPLETE
370,7.270464504889033e-07,2025-11-30 09:35:22.359521,2025-11-30 09:36:40.237400,0 days 00:01:17.877879,10.0,999.0,0.030388469299629187,0.0845806101694106,39.0,0.0004968290578366454,0.7449951073895276,0.002499892657249505,,COMPLETE
369,7.252709434295121e-07,2025-11-30 09:34:04.025995,2025-11-30 09:35:22.340724,0 days 00:01:18.314729,10.0,999.0,0.419863473989955,0.07863063921615872,43.0,0.0004974252738509915,0.7920384989299524,0.002499909874708356,,COMPLETE
381,7.238817241099984e-07,2025-11-30 09:45:00.340465,2025-11-30 09:46:18.948069,0 days 00:01:18.607604,10.0,999.0,0.14110393740508975,0.07425072241273599,45.0,0.0004973670203166257,0.7698379047553249,0.0024999462996189194,,COMPLETE
376,7.232270250696457e-07,2025-11-30 09:41:17.553190,2025-11-30 09:42:35.637864,0 days 00:01:18.084674,10.0,999.0,0.02053104547784698,0.06533392021265425,27.0,0.00047189125246784573,0.7782200760416147,0.0024999481761341924,,COMPLETE
371,7.199752722275296e-07,2025-11-30 09:36:50.598183,2025-11-30 09:38:08.306740,0 days 00:01:17.708557,10.0,999.0,0.15431680159825484,0.06075722005707475,41.0,0.0004322431667211369,0.7628120367713106,0.002499905474016687,,COMPLETE
13,0.0,2025-11-29 23:22:15.594406,2025-11-29 23:22:34.321889,0 days 00:00:18.727483,8.0,802.0,0.000567679014409015,0.18642397360333257,10.0,-0.0007758844901701813,0.8218351627948852,0.010143405218144611,False,COMPLETE
0,0.0,2025-11-29 23:15:34.437396,2025-11-29 23:15:37.505042,0 days 00:00:03.067646,6.0,1368.0,1.4941009409205406e-08,0.005104562295107797,70.0,-0.0017578402840332213,0.669557267418427,0.08699571268909506,True,COMPLETE
10,0.0,2025-11-29 23:20:21.614974,2025-11-29 23:20:54.833048,0 days 00:00:33.218074,12.0,1073.0,1.566420651837719e-06,0.011726057636232884,44.0,0.0007013181548421663,0.9575267408219471,0.16055474271305342,True,COMPLETE
6,0.0,2025-11-29 23:17:21.622380,2025-11-29 23:17:23.799693,0 days 00:00:02.177313,9.0,991.0,2.3088452899495815,0.004200936966215038,38.0,0.000488556737291083,0.9029400516882413,0.2769594177563366,False,COMPLETE
5,0.0,2025-11-29 23:17:19.419260,2025-11-29 23:17:21.591166,0 days 00:00:02.171906,11.0,593.0,0.651040927655056,0.0012054026794333338,21.0,-1.1573713459146328e-05,0.9608941128857549,0.10702495885479828,False,COMPLETE
1,0.0,2025-11-29 23:17:10.027338,2025-11-29 23:17:12.475443,0 days 00:00:02.448105,6.0,1073.0,6.6911850551063485e-06,0.001127333536448184,63.0,2.9482636944549567e-05,0.894168793216092,0.194435198901011,True,COMPLETE
2,0.0,2025-11-29 23:17:12.499036,2025-11-29 23:17:14.980643,0 days 00:00:02.481607,10.0,604.0,7.027723682255511e-06,0.031274966751896456,20.0,-0.0017536376960515243,0.6245802795011643,0.21275710812326426,False,COMPLETE
3,0.0,2025-11-29 23:17:15.009209,2025-11-29 23:17:17.262786,0 days 00:00:02.253577,12.0,1442.0,0.005749471926533373,0.009552505253700312,99.0,0.001427002337624769,0.7281903915240776,0.08719452906092123,False,COMPLETE
4,0.0,2025-11-29 23:17:17.283717,2025-11-29 23:17:19.389596,0 days 00:00:02.105879,10.0,1025.0,0.012254314938129321,0.037713304052298,85.0,-0.0015596756434788019,0.765538116965357,0.12091309643917666,True,COMPLETE
121,0.0,2025-11-30 01:43:02.913942,2025-11-30 01:43:16.760168,0 days 00:00:13.846226,8.0,1247.0,0.00018488614297086187,0.17274298301979107,51.0,0.0001398828119930865,0.5781697022854083,0.027414318520448615,False,COMPLETE
120,0.0,2025-11-30 01:41:53.949211,2025-11-30 01:42:54.662717,0 days 00:01:00.713506,8.0,1295.0,0.10084151391017764,0.08075606020214271,55.0,0.0016954189287686067,0.5219685967333803,0.0562963730470383,False,COMPLETE
118,0.0,2025-11-30 01:39:01.514501,2025-11-30 01:40:22.191910,0 days 00:01:20.677409,7.0,1173.0,0.20685240703376945,0.005034050594427334,53.0,-0.0009160491577176173,0.8029078355175344,0.010337267914671423,False,COMPLETE
117,0.0,2025-11-30 01:37:47.362679,2025-11-30 01:39:01.496034,0 days 00:01:14.133355,7.0,1209.0,0.9191085280737595,0.15808778625495473,47.0,-0.0005495092875811951,0.5998312731932706,0.04665728835325447,False,COMPLETE
141,0.0,2025-11-30 02:12:20.530838,2025-11-30 02:13:54.091657,0 days 00:01:33.560819,8.0,1266.0,1.1761093497588875,0.08862157400746601,27.0,0.0004949574217447128,0.5394831865392095,0.21079176260041316,False,COMPLETE
368,0.0,2025-11-30 09:33:46.633509,2025-11-30 09:34:04.007111,0 days 00:00:17.373602,10.0,732.0,0.25744136014959096,0.03714696847876101,37.0,0.0004971709129446195,0.7744345401054046,0.0024999263427251672,,COMPLETE
147,0.0,2025-11-30 02:21:16.862856,2025-11-30 02:22:49.894526,0 days 00:01:33.031670,8.0,1173.0,0.1731538006192151,0.12442203815550423,43.0,0.0005698634036820173,0.6761434203303124,0.11294806190455557,False,COMPLETE
158,0.0,2025-11-30 02:37:53.165822,2025-11-30 02:39:28.913118,0 days 00:01:35.747296,8.0,1266.0,0.4077740858748223,0.11613810288435097,51.0,0.0007422857162020116,0.5753296224695934,0.010261468946975983,False,COMPLETE
360,0.0,2025-11-30 09:29:30.159645,2025-11-30 09:29:47.529075,0 days 00:00:17.369430,10.0,999.0,0.5603237311436425,0.04550336898345216,44.0,0.0003829588611824401,0.7273543238098827,0.0024999552617961038,,COMPLETE
361,0.0,2025-11-30 09:30:05.390050,2025-11-30 09:31:22.705810,0 days 00:01:17.315760,10.0,986.0,0.19046634269728532,0.07657797102885491,49.0,0.0004970236838657923,0.7767262579139025,0.002499960743825986,,COMPLETE
362,0.0,2025-11-30 09:31:22.723950,2025-11-30 09:31:40.295868,0 days 00:00:17.571918,10.0,999.0,0.35593436889024704,0.047508210585178325,38.0,0.0004968167351532401,0.7881739852743944,0.002499805634873283,,COMPLETE
363,0.0,2025-11-30 09:31:40.313517,2025-11-30 09:31:57.685932,0 days 00:00:17.372415,10.0,999.0,0.11303622890697688,0.030134476463280095,41.0,0.00044709698206985184,0.7587681530389373,0.0024999442669602114,,COMPLETE
364,0.0,2025-11-30 09:31:57.706677,2025-11-30 09:32:54.410868,0 days 00:00:56.704191,9.0,999.0,0.04926998953640093,0.09937667246925093,45.0,0.00046917333582148426,0.7661355251267291,0.002499925884517803,,COMPLETE
365,0.0,2025-11-30 09:32:54.428666,2025-11-30 09:33:11.857445,0 days 00:00:17.428779,10.0,999.0,0.17872889223300967,0.03015760185451645,42.0,0.0004964581075997,0.8060772969449514,0.002499922175689142,,COMPLETE
366,0.0,2025-11-30 09:33:11.875089,2025-11-30 09:33:29.264289,0 days 00:00:17.389200,10.0,999.0,0.07489767261917063,0.038873408616082884,40.0,0.0004968508200218326,0.7835680576703227,0.002499942420809538,,COMPLETE
367,0.0,2025-11-30 09:33:29.285733,2025-11-30 09:33:46.611858,0 days 00:00:17.326125,10.0,999.0,0.12999074461670074,0.03175430016910297,34.0,0.0003609501399000772,0.7500144232959597,0.002499894190261115,,COMPLETE
181,0.0,2025-11-30 04:09:02.580925,2025-11-30 04:13:01.672800,0 days 00:03:59.091875,11.0,1224.0,0.13754818394111432,0.000630915520559006,34.0,0.00046429138936906404,0.7618466018187622,0.025133183445099114,False,COMPLETE
180,0.0,2025-11-30 04:04:38.954906,2025-11-30 04:08:56.758019,0 days 00:04:17.803113,11.0,1268.0,0.0957615168836517,0.0034230115309719215,25.0,0.0005967788374397564,0.8269876282399418,0.01629914758984236,False,COMPLETE
96,0.0,2025-11-30 01:14:20.482144,2025-11-30 01:15:16.105461,0 days 00:00:55.623317,6.0,1044.0,0.0849392908680345,0.08540723859979713,62.0,0.001960708560518099,0.591780959362209,0.04284344350730731,False,COMPLETE
89,0.0,2025-11-30 01:05:57.548382,2025-11-30 01:06:43.227715,0 days 00:00:45.679333,7.0,688.0,2.368777051270665,0.18065671950077708,50.0,-0.000657907940674637,0.5319069555551578,0.2550036098694872,False,COMPLETE
110,0.0,2025-11-30 01:30:40.150829,2025-11-30 01:30:52.910716,0 days 00:00:12.759887,6.0,1183.0,3.377974905102707e-07,0.18287317139220036,42.0,0.00010550864744231076,0.5477058646737114,0.01969941805646343,False,COMPLETE
81,0.0,2025-11-30 00:56:02.259920,2025-11-30 00:57:39.254794,0 days 00:01:36.994874,8.0,1348.0,1.9791628266961052,0.08545478614111371,75.0,0.0003874058722926002,0.5178378790608438,0.14565526174945992,False,COMPLETE
71,0.0,2025-11-30 00:43:29.162553,2025-11-30 00:44:27.588117,0 days 00:00:58.425564,6.0,1186.0,0.01796373923875894,0.09468035332725938,66.0,0.00011432017610538557,0.5307930299960691,0.12374458310072424,False,COMPLETE
70,0.0,2025-11-30 00:42:06.570106,2025-11-30 00:43:22.342605,0 days 00:01:15.772499,7.0,1273.0,0.06388213956379629,0.198704195005282,63.0,-0.00039303416137518297,0.5618902167375985,0.0602217849465318,False,COMPLETE
55,0.0,2025-11-30 00:23:42.789199,2025-11-30 00:23:56.190896,0 days 00:00:13.401697,7.0,1166.0,5.2121866258808274e-05,0.08342393552737994,61.0,0.00019029374574242524,0.6024223816161128,0.010624252577938276,False,COMPLETE
51,0.0,2025-11-30 00:20:05.659848,2025-11-30 00:20:18.894418,0 days 00:00:13.234570,7.0,972.0,0.0022702066386835512,0.09041178655765561,64.0,-0.00011631842309850102,0.5456022651812364,0.020226821681510923,False,COMPLETE
80,0.0,2025-11-30 00:54:47.418389,2025-11-30 00:55:52.454062,0 days 00:01:05.035673,6.0,1145.0,0.4565360099288891,0.02186234616624332,71.0,-0.00017982964081288407,0.7777016577303671,0.21282570161694664,False,COMPLETE
101,0.0,2025-11-30 01:20:06.709119,2025-11-30 01:20:19.904065,0 days 00:00:13.194946,7.0,1019.0,1.6805862263110874e-08,0.0012401035333583458,58.0,-0.00048148048243825965,0.5033085315493386,0.024203802423720715,False,COMPLETE
109,0.0,2025-11-30 01:29:34.706454,2025-11-30 01:30:40.133836,0 days 00:01:05.427382,7.0,1052.0,0.21016060646932225,0.00974812024107255,52.0,0.000659865720278386,0.5756140805813179,0.0275730124939765,True,COMPLETE
166,0.0,2025-11-30 02:59:35.563739,2025-11-30 03:02:50.106945,0 days 00:03:14.543206,10.0,1280.0,0.09730656406949827,0.06793518228870873,38.0,0.0006632340524150703,0.7960975637585702,0.010092977885213971,False,COMPLETE
100,0.0,2025-11-30 01:19:00.801886,2025-11-30 01:20:00.655294,0 days 00:00:59.853408,6.0,1205.0,0.04130370843937509,0.1333389869811483,68.0,0.00025943565139975344,0.5309285457142008,0.0495357079155469,False,COMPLETE
128,0.0,2025-11-30 01:52:48.144392,2025-11-30 01:53:02.874823,0 days 00:00:14.730431,9.0,1212.0,1.3565499821231746e-05,0.11313378131160684,63.0,0.0007481995890606223,0.5430188627553828,0.034314103506119124,False,COMPLETE
204,0.0,2025-11-30 05:50:15.634895,2025-11-30 05:55:04.186883,0 days 00:04:48.551988,11.0,1301.0,0.20858124789965687,0.03210864447660479,41.0,0.0006526611156743727,0.795930518447069,0.010063484865696536,False,COMPLETE
58,0.0,2025-11-30 00:26:30.866937,2025-11-30 00:26:43.619511,0 days 00:00:12.752574,6.0,1280.0,0.0007763634427541657,0.10099756369479738,45.0,0.0008319871689480778,0.544488150449119,0.05156011773374132,False,COMPLETE
59,0.0,2025-11-30 00:26:43.646823,2025-11-30 00:26:57.570345,0 days 00:00:13.923522,7.0,1079.0,0.0029225257915470927,0.05869425987251385,64.0,0.0007724572722520456,0.9154790661645791,0.022823902117924857,False,COMPLETE
194,0.0,2025-11-30 05:03:57.751325,2025-11-30 05:08:22.887562,0 days 00:04:25.136237,11.0,1200.0,0.11707555548570198,0.07481175715208231,18.0,0.00036800195570770987,0.7414461893758452,0.08923328401990308,False,COMPLETE
79,0.0,2025-11-30 00:53:38.013229,2025-11-30 00:54:47.401364,0 days 00:01:09.388135,7.0,1021.0,0.17595855061438898,0.07236945049134352,62.0,0.0006013593823141851,0.7445912255904534,0.17241180374579862,False,COMPLETE
40,0.0,2025-11-30 00:06:24.127097,2025-11-30 00:07:19.138795,0 days 00:00:55.011698,8.0,1055.0,3.5984235410277905,0.015309396938079428,79.0,0.0003458584841910849,0.6302663534399077,0.18615168120271833,True,COMPLETE
36,0.0,2025-11-30 00:00:02.390241,2025-11-30 00:00:15.481243,0 days 00:00:13.091002,6.0,1388.0,3.357117893153614e-05,0.11343963322762304,83.0,-0.001967853457151491,0.6453294528838835,0.10659029364902275,True,COMPLETE
38,0.0,2025-11-30 00:01:45.557273,2025-11-30 00:03:08.592564,0 days 00:01:23.035291,9.0,1262.0,0.006427291924936673,0.002320186142233543,93.0,-0.0015773405985762996,0.5395728334243108,0.09255398114945838,False,COMPLETE
41,0.0,2025-11-30 00:07:24.423569,2025-11-30 00:09:13.693033,0 days 00:01:49.269464,9.0,997.0,0.7455185667259971,0.06272101448540951,95.0,-0.0014347924397685758,0.7568636597592063,0.2354518124746638,False,COMPLETE
46,0.0,2025-11-30 00:15:03.727830,2025-11-30 00:15:16.415516,0 days 00:00:12.687686,6.0,1124.0,9.895222205153286e-07,0.1468016992201613,59.0,-0.0005762330409478184,0.582790547287771,0.02717449859115158,False,COMPLETE
39,0.0,2025-11-30 00:03:08.611058,2025-11-30 00:06:24.110302,0 days 00:03:15.499244,10.0,1424.0,0.28305941499348475,0.028715077118542164,66.0,-0.0005914027879338969,0.5932504999398641,0.29466808076727535,False,COMPLETE
24,0.0,2025-11-29 23:43:44.053648,2025-11-29 23:45:28.217706,0 days 00:01:44.164058,10.0,1206.0,0.445443117962931,0.013832441485177479,41.0,-0.001202120362750726,0.5095202032076924,0.06315479790500637,False,COMPLETE
28,0.0,2025-11-29 23:49:08.868486,2025-11-29 23:50:23.837503,0 days 00:01:14.969017,7.0,1177.0,2.4812943963115153,0.1145174054968382,83.0,-0.0019492760337618353,0.6756591135166246,0.09913665733328725,False,COMPLETE
30,0.0,2025-11-29 23:52:04.705274,2025-11-29 23:52:17.807000,0 days 00:00:13.101726,6.0,1341.0,0.0013080306124819436,0.003358518470263724,76.0,-0.0016330488278657072,0.6658763571293943,0.07617389104883995,True,COMPLETE
32,0.0,2025-11-29 23:54:18.584681,2025-11-29 23:55:29.940664,0 days 00:01:11.355983,8.0,1471.0,2.449661038954156,0.006958372154006353,100.0,-0.001585935417704067,0.6167090319944476,0.07744923575237836,False,COMPLETE
213,0.0,2025-11-30 06:32:50.119709,2025-11-30 06:37:38.942567,0 days 00:04:48.822858,11.0,1332.0,0.11937991568060359,0.02259819046605874,42.0,0.0008290995443439403,0.7874154205350336,0.013685537919762552,False,COMPLETE
217,0.0,2025-11-30 06:52:47.086203,2025-11-30 06:57:52.038326,0 days 00:05:04.952123,11.0,1426.0,0.03582099365006611,0.02038671238782504,39.0,0.0009225459254409054,0.7635423593996464,0.014938673456346084,False,COMPLETE
218,0.0,2025-11-30 06:57:52.056687,2025-11-30 07:02:52.829222,0 days 00:05:00.772535,11.0,1355.0,0.20254490294432173,0.03557258294180418,42.0,0.0007632428137331721,0.7891708024683597,0.01039102534264591,False,COMPLETE
221,0.0,2025-11-30 07:11:37.110497,2025-11-30 07:16:38.487869,0 days 00:05:01.377372,11.0,1376.0,0.11111866109890325,0.03172532455961343,36.0,0.0009973045821016692,0.7507978506682215,0.019158881093091447,True,COMPLETE
225,0.0,2025-11-30 07:53:50.347580,2025-11-30 07:54:10.462655,0 days 00:00:20.115075,10.0,998.0,0.27013230414109357,0.036217651380490004,44.0,0.00048467572270904745,0.7587841012492719,0.0023705034819730235,,COMPLETE
226,0.0,2025-11-30 07:54:10.485001,2025-11-30 07:54:28.694583,0 days 00:00:18.209582,10.0,998.0,0.07857763671986885,0.03755768051609712,40.0,0.0004757838800506829,0.766260271201596,0.002351946862885309,,COMPLETE
227,0.0,2025-11-30 07:54:28.716141,2025-11-30 07:54:46.424894,0 days 00:00:17.708753,10.0,998.0,0.28629968735590905,0.033225290967928325,43.0,0.0004830598232642431,0.7944949924737575,0.0023901776941962355,,COMPLETE
228,0.0,2025-11-30 07:54:46.444406,2025-11-30 07:55:03.934627,0 days 00:00:17.490221,10.0,998.0,0.11901629972168253,0.037934189384346104,38.0,0.00048350732485732826,0.7821116415333835,0.0024424680959968838,,COMPLETE
229,0.0,2025-11-30 07:55:03.952692,2025-11-30 07:55:21.365628,0 days 00:00:17.412936,10.0,999.0,0.06387861957504201,0.04076803838177233,40.0,0.0004868612401917083,0.7482993034766103,0.002450691764257526,,COMPLETE
230,0.0,2025-11-30 07:55:21.382771,2025-11-30 07:55:38.886582,0 days 00:00:17.503811,10.0,998.0,0.19293494812121437,0.03734831001806961,44.0,0.0004504535992918323,0.7660793226993186,0.0024055595120141132,,COMPLETE
14,0.0,2025-11-29 23:22:34.350424,2025-11-29 23:22:53.210178,0 days 00:00:18.859754,8.0,766.0,0.00024591529920427256,0.059434128049954696,50.0,-0.0008057461407360899,0.8590288804575387,0.050053091420170226,False,COMPLETE
354,0.0,2025-11-30 09:24:22.678204,2025-11-30 09:24:40.153264,0 days 00:00:17.475060,10.0,999.0,0.8236674222913279,0.034204582245913065,43.0,0.0004966410072668299,0.7475754598686295,0.002499904513320026,,COMPLETE
355,0.0,2025-11-30 09:24:40.170750,2025-11-30 09:24:57.471857,0 days 00:00:17.301107,10.0,999.0,0.03623439365791316,0.03297913353017594,47.0,0.00015852933240399677,0.7554402343061095,0.0024997729149703295,,COMPLETE
356,0.0,2025-11-30 09:24:57.489910,2025-11-30 09:27:38.388426,0 days 00:02:40.898516,10.0,999.0,0.11872987797092696,0.19029897478193963,12.0,0.0004974972377925266,0.817645545689231,0.0024999149948966813,,COMPLETE
357,0.0,2025-11-30 09:27:38.409247,2025-11-30 09:27:55.404105,0 days 00:00:16.994858,10.0,999.0,0.06219546855433015,0.04342827162369389,39.0,0.00046999686820954747,0.6193411079896083,0.002499876961545088,,COMPLETE
358,0.0,2025-11-30 09:27:55.421939,2025-11-30 09:28:12.796090,0 days 00:00:17.374151,10.0,999.0,0.20804719304843114,0.03610631584376953,41.0,0.0004966110616239862,0.7807635440828326,0.0024999294106978175,,COMPLETE
359,0.0,2025-11-30 09:28:12.813804,2025-11-30 09:29:30.138042,0 days 00:01:17.324238,10.0,999.0,0.09395824792649458,0.06713628858413691,36.0,0.0004974997217929838,0.738508177065946,0.0024999388980579164,,COMPLETE
237,0.0,2025-11-30 07:59:35.647900,2025-11-30 07:59:53.266400,0 days 00:00:17.618500,10.0,999.0,0.10894107612425498,0.03423047726760078,36.0,0.0004413930141548457,0.7915764490188325,0.002498936139263143,,COMPLETE
236,0.0,2025-11-30 07:58:18.187188,2025-11-30 07:59:35.624985,0 days 00:01:17.437797,10.0,999.0,0.08071286506955283,0.03678344125181076,40.0,0.0004903118405194145,0.7465660740151132,0.0015080479726476688,,COMPLETE
235,0.0,2025-11-30 07:58:00.533445,2025-11-30 07:58:18.169593,0 days 00:00:17.636148,10.0,999.0,0.24660699338313175,0.04149163794192834,41.0,0.0004915809424607629,0.7693080878545943,0.0023194225410944867,,COMPLETE
234,0.0,2025-11-30 07:57:42.869413,2025-11-30 07:58:00.515642,0 days 00:00:17.646229,10.0,999.0,0.1615850267099254,0.038834990095775984,42.0,0.0004905338029241705,0.7827043307845567,0.002418164335261472,,COMPLETE
233,0.0,2025-11-30 07:57:25.036806,2025-11-30 07:57:42.849905,0 days 00:00:17.813099,10.0,999.0,0.1570152991646561,0.034533954086294734,42.0,0.00048692249216842004,0.7737818544100947,0.002433008291246909,,COMPLETE
232,0.0,2025-11-30 07:56:07.537834,2025-11-30 07:57:25.019180,0 days 00:01:17.481346,10.0,999.0,0.04380304640671291,0.03307365274045366,38.0,0.00048527373595042006,0.759260890112443,0.0017343947341598603,,COMPLETE
231,0.0,2025-11-30 07:55:49.782194,2025-11-30 07:56:07.519956,0 days 00:00:17.737762,10.0,999.0,0.10567559580545659,0.039878046782267584,45.0,0.00048678341863648395,0.8063592809506754,0.0024517959261567655,,COMPLETE
238,0.0,2025-11-30 07:59:53.283352,2025-11-30 08:00:10.522587,0 days 00:00:17.239235,10.0,999.0,0.1940134536957158,0.03085589788892629,43.0,0.00046415156151461366,0.7594710867758582,0.0024986931327812996,,COMPLETE
246,0.0,2025-11-30 08:02:28.818236,2025-11-30 08:03:46.691804,0 days 00:01:17.873568,10.0,999.0,0.14298651780514735,0.056780031812133036,40.0,0.0004606914272823089,0.7608886228632896,0.0024994607969024245,,COMPLETE
239,0.0,2025-11-30 08:00:10.539897,2025-11-30 08:00:27.964122,0 days 00:00:17.424225,10.0,999.0,0.29955757117367127,0.042390424354675445,38.0,0.0004939770057957441,0.750290224122977,0.0024989314051527232,,COMPLETE
240,0.0,2025-11-30 08:00:27.983095,2025-11-30 08:00:45.476269,0 days 00:00:17.493174,10.0,999.0,0.13803040870481148,0.03831511336710068,45.0,0.0004915871329945365,0.7755619691775565,0.0024987799637492744,,COMPLETE
241,0.0,2025-11-30 08:01:01.445523,2025-11-30 08:01:18.974586,0 days 00:00:17.529063,10.0,999.0,0.000505329344105544,0.032901790912462495,42.0,0.0004920526130442735,0.7549869729908484,0.002498690045019264,,COMPLETE
242,0.0,2025-11-30 08:01:18.996160,2025-11-30 08:01:36.491465,0 days 00:00:17.495305,10.0,999.0,0.001602171239504134,0.045330355401979015,39.0,0.00034596529542197096,0.7673608166234502,0.0024985704932131148,,COMPLETE
243,0.0,2025-11-30 08:01:36.509771,2025-11-30 08:01:53.984159,0 days 00:00:17.474388,10.0,999.0,0.2738236875761364,0.031090196583615386,46.0,0.0004021871984829705,0.8016727491312362,0.0024996608822062324,,COMPLETE
244,0.0,2025-11-30 08:01:54.002433,2025-11-30 08:02:11.276582,0 days 00:00:17.274149,10.0,999.0,0.35425140866698684,0.03632813212369542,41.0,0.0004909999392071936,0.742057885173717,0.0024996574573080584,,COMPLETE
245,0.0,2025-11-30 08:02:11.294621,2025-11-30 08:02:28.797758,0 days 00:00:17.503137,10.0,999.0,0.0731213514866577,0.030383067700481128,43.0,0.0004934645782347756,0.7818174192082836,0.002499483622505603,,COMPLETE
254,0.0,2025-11-30 08:09:03.815350,2025-11-30 08:09:21.292700,0 days 00:00:17.477350,10.0,999.0,0.08994879938009408,0.03689070975322147,39.0,0.00033864217490076325,0.7849121884052259,0.002499423450369607,,COMPLETE
255,0.0,2025-11-30 08:09:21.311226,2025-11-30 08:10:39.033710,0 days 00:01:17.722484,10.0,999.0,0.22994891854427565,0.061541804049822776,42.0,0.00038746404409987893,0.7726161188903955,0.0024995051945954395,,COMPLETE
256,0.0,2025-11-30 08:10:39.053592,2025-11-30 08:10:56.570456,0 days 00:00:17.516864,10.0,999.0,0.14522437744747682,0.030669754919145382,36.0,0.0004922258974409438,0.7360189046294645,0.002499671417216586,,COMPLETE
257,0.0,2025-11-30 08:10:56.592745,2025-11-30 08:11:13.897266,0 days 00:00:17.304521,10.0,999.0,0.05872267089358616,0.04257996170773829,44.0,0.0004926034264266666,0.7614606886921228,0.002499583431363382,,COMPLETE
258,0.0,2025-11-30 08:11:13.914181,2025-11-30 08:12:32.443426,0 days 00:01:18.529245,10.0,999.0,0.37198514459197984,0.07754261990190546,40.0,0.00031158032553317333,0.7967636325363917,0.0024995509118849388,,COMPLETE
259,0.0,2025-11-30 08:12:32.462508,2025-11-30 08:12:50.146948,0 days 00:00:17.684440,10.0,999.0,0.03700905575339498,0.03559190081059134,41.0,0.0004951139801808351,0.8798137370590333,0.002499358867850625,,COMPLETE
260,0.0,2025-11-30 08:12:50.165300,2025-11-30 08:13:07.463327,0 days 00:00:17.298027,10.0,999.0,2.826664204142201e-06,0.03363339567060486,38.0,0.0004689774076046117,0.6056090453652192,0.002499580047068989,,COMPLETE
261,0.0,2025-11-30 08:13:18.353849,2025-11-30 08:13:35.801929,0 days 00:00:17.448080,10.0,999.0,0.10921786999249584,0.030601255965676758,45.0,0.00044027599378726397,0.7492810066681299,0.0024996641330004704,,COMPLETE
262,0.0,2025-11-30 08:13:35.822798,2025-11-30 08:14:54.345849,0 days 00:01:18.523051,10.0,999.0,0.16995089075473288,0.06946530460213819,43.0,0.0004935574997153126,0.8023165025902056,0.002499519572659741,,COMPLETE
247,0.0,2025-11-30 08:03:46.709544,2025-11-30 08:05:04.388247,0 days 00:01:17.678703,10.0,999.0,0.19278813721593382,0.07886062709700603,38.0,0.00035911661225999605,0.7673665978933878,0.0024994690912704468,,COMPLETE
248,0.0,2025-11-30 08:05:04.405693,2025-11-30 08:05:21.469558,0 days 00:00:17.063865,10.0,984.0,0.09271689105417869,0.03939192203610658,45.0,0.0004933097308672516,0.7225901373376863,0.0024995168065953498,,COMPLETE
249,0.0,2025-11-30 08:05:21.487049,2025-11-30 08:06:39.320658,0 days 00:01:17.833609,10.0,999.0,0.05431664032700825,0.051885958722056064,43.0,0.0004674354393442274,0.7773716042654449,0.002499384126591963,,COMPLETE
250,0.0,2025-11-30 08:06:39.340899,2025-11-30 08:06:56.619182,0 days 00:00:17.278283,10.0,773.0,0.1329946615358029,0.03446341018655196,12.0,0.000492826803599789,0.7535457226374006,0.002499488556747184,,COMPLETE
251,0.0,2025-11-30 08:07:10.565542,2025-11-30 08:08:28.471209,0 days 00:01:17.905667,10.0,999.0,0.3434133451052199,0.09119249873837997,41.0,0.0004933236520552155,0.7441040012552044,0.0024995408033413845,,COMPLETE
252,0.0,2025-11-30 08:08:28.492046,2025-11-30 08:08:46.387295,0 days 00:00:17.895249,10.0,999.0,8.957344762032575e-08,0.03187030355230446,37.0,0.0004939382519407988,0.8135933731426614,0.0024994047580458797,,COMPLETE
253,0.0,2025-11-30 08:08:46.405119,2025-11-30 08:09:03.797218,0 days 00:00:17.392099,10.0,999.0,0.20458968846950576,0.047710186490731,47.0,0.0004249659706444593,0.7914992418199944,0.0024995827224128693,,COMPLETE
270,0.0,2025-11-30 08:18:55.960943,2025-11-30 08:19:13.280857,0 days 00:00:17.319914,10.0,831.0,0.2028059642405762,0.03766171480310824,41.0,0.0004072522371827195,0.7922399302277966,0.002499563034286955,,COMPLETE
271,0.0,2025-11-30 08:19:25.980231,2025-11-30 08:19:43.385855,0 days 00:00:17.405624,10.0,999.0,0.09518503775224683,0.03050267420014691,36.0,0.000297192108201929,0.734756155723857,0.0024996080951614937,,COMPLETE
272,0.0,2025-11-30 08:19:43.408069,2025-11-30 08:20:00.831889,0 days 00:00:17.423820,10.0,999.0,0.5070797715248764,0.03035358239522815,46.0,0.00035237084895734986,0.7770433751743874,0.002499625837592414,,COMPLETE
273,0.0,2025-11-30 08:20:00.849733,2025-11-30 08:20:18.081063,0 days 00:00:17.231330,10.0,999.0,0.06765021193905024,0.038415765418506845,43.0,0.0004935407258839953,0.7470747459397749,0.002499679991501802,,COMPLETE
274,0.0,2025-11-30 08:20:18.098361,2025-11-30 08:20:33.646136,0 days 00:00:15.547775,9.0,999.0,0.14636050655126023,0.03541843186183655,41.0,0.0004946070743912743,0.764625360056408,0.0024998977888651096,,COMPLETE
275,0.0,2025-11-30 08:20:33.667163,2025-11-30 08:21:51.456637,0 days 00:01:17.789474,10.0,999.0,0.2699032768262977,0.09205737364234678,39.0,0.0004463166442512318,0.758468657242645,0.0024999033862129517,,COMPLETE
276,0.0,2025-11-30 08:21:51.474586,2025-11-30 08:22:08.877141,0 days 00:00:17.402555,10.0,999.0,0.17258252901484644,0.043846468171329075,42.0,0.0004944292558345635,0.8054372162500398,0.0024999107870257407,,COMPLETE
277,0.0,2025-11-30 08:22:08.894536,2025-11-30 08:23:27.153400,0 days 00:01:18.258864,10.0,999.0,0.11281372588698658,0.07153808138047367,37.0,0.00046603797144741235,0.787731701203042,0.0024998533667168477,,COMPLETE
278,0.0,2025-11-30 08:23:27.176205,2025-11-30 08:23:44.700580,0 days 00:00:17.524375,10.0,999.0,0.07374040368571315,0.032199810868586295,40.0,0.0004940871353126246,0.7714225748847179,0.0024999193060337398,,COMPLETE
279,0.0,2025-11-30 08:23:44.718665,2025-11-30 08:25:01.634640,0 days 00:01:16.915975,10.0,999.0,0.2706203852313296,0.05411080757074436,45.0,0.0004955619608536352,0.7408145373953181,0.002499903846886215,,COMPLETE
280,0.0,2025-11-30 08:25:01.656593,2025-11-30 08:26:20.074365,0 days 00:01:18.417772,10.0,999.0,0.03886684851696567,0.09021597339561771,43.0,0.0004944002993260436,0.7818853599360659,0.0024998774327717743,,COMPLETE
281,0.0,2025-11-30 08:26:31.857886,2025-11-30 08:27:49.388739,0 days 00:01:17.530853,10.0,999.0,0.17685264441636292,0.08030404034769667,39.0,0.0004954491951787082,0.7228825053631485,0.002499900699451236,,COMPLETE
282,0.0,2025-11-30 08:27:49.406297,2025-11-30 08:29:07.553392,0 days 00:01:18.147095,10.0,999.0,0.4614275741506408,0.058271467189676934,35.0,0.0004954951193814959,0.8146177411015288,0.002499947066390444,,COMPLETE
283,0.0,2025-11-30 08:29:07.571511,2025-11-30 08:29:24.549917,0 days 00:00:16.978406,10.0,999.0,0.11671622972349503,0.03994753462278262,17.0,0.0004705680080506723,0.6154183668778724,0.002499887313979373,,COMPLETE
284,0.0,2025-11-30 08:29:24.568944,2025-11-30 08:29:42.287578,0 days 00:00:17.718634,10.0,999.0,8.581646690387813e-05,0.0302638521485652,41.0,0.0003886781282028258,0.7321019587211295,0.002499931565970944,,COMPLETE
285,0.0,2025-11-30 08:29:42.305587,2025-11-30 08:30:36.898511,0 days 00:00:54.592924,9.0,999.0,0.06702700895055667,0.07441537968545173,86.0,0.0004244278728946838,0.655113384037537,0.0024999160854920106,,COMPLETE
286,0.0,2025-11-30 08:30:36.919811,2025-11-30 08:31:54.718742,0 days 00:01:17.798931,10.0,999.0,0.2059738831544428,0.08656731021415628,37.0,0.00033991020515805023,0.7510305772076735,0.002499924488525228,,COMPLETE
287,0.0,2025-11-30 08:31:54.736813,2025-11-30 08:32:12.057472,0 days 00:00:17.320659,10.0,999.0,0.3249287487735206,0.033311419301836565,44.0,0.0004945094447833204,0.7618287328418205,0.0024998783488125766,,COMPLETE
288,0.0,2025-11-30 08:32:12.082784,2025-11-30 08:32:29.465587,0 days 00:00:17.382803,10.0,999.0,0.11366108011862341,0.040921141351997876,39.0,0.0004948846546660901,0.7699220482824107,0.00249983603388413,,COMPLETE
289,0.0,2025-11-30 08:32:29.494567,2025-11-30 08:32:47.042561,0 days 00:00:17.547994,10.0,999.0,0.04536865150959537,0.030382759858960592,42.0,0.0004949709796739326,0.7959592548561735,0.0024999105057599905,,COMPLETE
290,0.0,2025-11-30 08:32:47.062111,2025-11-30 08:34:05.244592,0 days 00:01:18.182481,10.0,999.0,0.14827712194858542,0.0832538356686872,47.0,0.0004496027468197196,0.7770431397058339,0.002499917764237466,,COMPLETE
291,0.0,2025-11-30 08:34:19.109059,2025-11-30 08:34:36.544545,0 days 00:00:17.435486,10.0,999.0,0.08230395639832934,0.035119800035825495,40.0,0.0004944548148949556,0.7530653634264203,0.0024998614370287456,,COMPLETE
292,0.0,2025-11-30 08:34:36.565488,2025-11-30 08:35:54.260980,0 days 00:01:17.695492,10.0,999.0,0.20842387216795485,0.07828668539914074,45.0,0.000366105194729038,0.7445028267622716,0.002499775182520581,,COMPLETE
293,0.0,2025-11-30 08:35:54.278413,2025-11-30 08:36:09.795038,0 days 00:00:15.516625,9.0,999.0,0.38060962627500405,0.03155088113496194,38.0,0.0004955836505882549,0.7631942026206965,0.0024997193813278626,,COMPLETE
294,0.0,2025-11-30 08:36:09.813199,2025-11-30 08:36:27.021164,0 days 00:00:17.207965,10.0,999.0,0.10571894400059678,0.03854984254812137,43.0,0.0004958895326455379,0.6848313516681535,0.0024999313821956644,,COMPLETE
263,0.0,2025-11-30 08:14:54.363655,2025-11-30 08:16:12.457644,0 days 00:01:18.093989,10.0,999.0,0.08203468036752333,0.0806202016195236,35.0,0.0004936287886251113,0.7760717586815477,0.0024995591865150206,,COMPLETE
264,0.0,2025-11-30 08:16:12.474795,2025-11-30 08:16:27.988482,0 days 00:00:15.513687,9.0,999.0,0.26931424017298927,0.04927722968878026,40.0,0.0004951650659998077,0.7651411914847477,0.0024996765705256885,,COMPLETE
265,0.0,2025-11-30 08:16:28.007746,2025-11-30 08:16:45.496826,0 days 00:00:17.489080,10.0,999.0,0.12410976990376874,0.032055354774933174,42.0,0.000494673129613346,0.7841817326540026,0.0024996099640025443,,COMPLETE
266,0.0,2025-11-30 08:16:45.517054,2025-11-30 08:18:03.441261,0 days 00:01:17.924207,10.0,999.0,0.05261277191143278,0.08765519784895434,47.0,0.0003729904760613095,0.7535885633932539,0.002499560157982063,,COMPLETE
267,0.0,2025-11-30 08:18:03.459237,2025-11-30 08:18:20.772875,0 days 00:00:17.313638,10.0,986.0,0.028106451030380307,0.03970411947178549,39.0,0.000494654964677586,0.7577063984126898,0.0024995577338472637,,COMPLETE
268,0.0,2025-11-30 08:18:20.790649,2025-11-30 08:18:38.500649,0 days 00:00:17.710000,10.0,731.0,4.4361164285126645e-05,0.03659789485950332,44.0,0.0004646667567460246,0.770154844248444,0.0024996166701295973,,COMPLETE
269,0.0,2025-11-30 08:18:38.521130,2025-11-30 08:18:55.944181,0 days 00:00:17.423051,10.0,999.0,0.3699342919569168,0.030340172546769708,38.0,0.0004950083800161352,0.742443510447926,0.002499664566721089,,COMPLETE
301,0.0,2025-11-30 08:40:22.451454,2025-11-30 08:41:40.396275,0 days 00:01:17.944821,10.0,999.0,0.1856394614567863,0.06201074938241874,36.0,0.0004957585880942554,0.7750163388569365,0.002499893977479791,,COMPLETE
300,0.0,2025-11-30 08:39:55.008097,2025-11-30 08:40:12.327192,0 days 00:00:17.319095,10.0,999.0,0.024364685025363906,0.03376117905159633,44.0,0.00040080565387892557,0.7996180634854491,0.002499890294684188,,COMPLETE
299,0.0,2025-11-30 08:39:37.608551,2025-11-30 08:39:54.987162,0 days 00:00:17.378611,10.0,999.0,0.0834340973547327,0.04536851061919305,42.0,0.0003173650113002555,0.7908269212999315,0.0024998176444862366,,COMPLETE
298,0.0,2025-11-30 08:38:19.599522,2025-11-30 08:39:37.583771,0 days 00:01:17.984249,10.0,999.0,0.14264236262015298,0.0662859543974154,38.0,0.0004950127940298293,0.7684764349102506,0.0024999274102733005,,COMPLETE
297,0.0,2025-11-30 08:37:01.970924,2025-11-30 08:38:19.578886,0 days 00:01:17.607962,10.0,999.0,0.05549967502302079,0.07624660016290923,40.0,0.0004951714684199213,0.7561037780740245,0.0024999292923186915,,COMPLETE
296,0.0,2025-11-30 08:36:44.691101,2025-11-30 08:37:01.953412,0 days 00:00:17.262311,10.0,999.0,0.2557329963877299,0.037224957318896836,34.0,0.0004957636386295446,0.7375180896384848,0.002499946227422105,,COMPLETE
295,0.0,2025-11-30 08:36:27.040862,2025-11-30 08:36:44.668661,0 days 00:00:17.627799,10.0,999.0,0.654030454890293,0.030214758260645378,41.0,0.0004698789759577656,0.7851930850821767,0.0024999247888462875,,COMPLETE
302,0.0,2025-11-30 08:41:40.415733,2025-11-30 08:41:57.688695,0 days 00:00:17.272962,10.0,999.0,0.29369500113204405,0.030363720719971166,46.0,0.0004961763407171727,0.7485227157807364,0.002499811844557682,,COMPLETE
310,0.0,2025-11-30 08:46:34.359989,2025-11-30 08:47:52.128902,0 days 00:01:17.768913,10.0,999.0,0.08550666451433955,0.08212121975443248,38.0,0.0004955104176050695,0.7566746595634541,0.0024998517703816586,,COMPLETE
303,0.0,2025-11-30 08:41:57.706472,2025-11-30 08:42:14.655128,0 days 00:00:16.948656,10.0,999.0,0.13201423334631487,0.0360535261204723,48.0,0.0004716539569823876,0.6039109614540574,0.00249993348154098,,COMPLETE
304,0.0,2025-11-30 08:42:14.674421,2025-11-30 08:42:31.994799,0 days 00:00:17.320378,10.0,999.0,0.06712492255733979,0.04279689064057573,40.0,0.000430336311776424,0.7803851375054698,0.002499923176541477,,COMPLETE
305,0.0,2025-11-30 08:42:32.014251,2025-11-30 08:43:27.868589,0 days 00:00:55.854338,10.0,662.0,0.49253092306680357,0.06904508173475647,42.0,0.0004956912872342925,0.7306098859880847,0.002499895087907305,,COMPLETE
306,0.0,2025-11-30 08:43:27.888071,2025-11-30 08:43:45.283315,0 days 00:00:17.395244,10.0,999.0,0.03858090593055173,0.03212255515238239,37.0,0.0004962132827836556,0.766232808250784,0.002499877210933983,,COMPLETE
307,0.0,2025-11-30 08:43:45.301156,2025-11-30 08:45:03.315060,0 days 00:01:18.013904,10.0,999.0,0.22163495135264477,0.08906429143450142,44.0,0.00035318694351808253,0.761001384083347,0.0024999312518929513,,COMPLETE
308,0.0,2025-11-30 08:45:03.332634,2025-11-30 08:45:18.687556,0 days 00:00:15.354922,9.0,999.0,0.10219088582849307,0.030335766581288368,39.0,0.0004963179114840337,0.741980794656722,0.002499919087737102,,COMPLETE
309,0.0,2025-11-30 08:45:18.705514,2025-11-30 08:46:34.341909,0 days 00:01:15.636395,10.0,999.0,0.16538448052793214,0.10186783941719985,41.0,0.00045806239502466404,0.6296533719428111,0.0024998618189884456,,COMPLETE
318,0.0,2025-11-30 08:55:19.150857,2025-11-30 08:55:36.610610,0 days 00:00:17.459753,10.0,970.0,0.12215522263384469,0.03421153203859652,39.0,0.000496880906544882,0.7679493255896983,0.002499928233412673,,COMPLETE
319,0.0,2025-11-30 08:55:36.640718,2025-11-30 08:55:54.047494,0 days 00:00:17.406776,10.0,999.0,0.016043199147258578,0.031464587646111826,41.0,0.0004963231874756315,0.7763122729887828,0.002499841933250733,,COMPLETE
320,0.0,2025-11-30 08:55:54.065361,2025-11-30 08:57:10.803039,0 days 00:01:16.737678,10.0,999.0,0.32531014962021515,0.07270897479512115,43.0,0.0004690933715110731,0.7089648552633975,0.002499936138229575,,COMPLETE
321,0.0,2025-11-30 08:57:25.072683,2025-11-30 08:57:42.629057,0 days 00:00:17.556374,10.0,999.0,0.07000167224162332,0.03282264067707862,37.0,0.0004964655116944743,0.7554287799053989,0.002276063885079619,,COMPLETE
322,0.0,2025-11-30 08:57:42.654089,2025-11-30 08:58:00.032954,0 days 00:00:17.378865,10.0,999.0,0.18351359196538047,0.03661058792798844,48.0,0.00033047583071628786,0.7633043820453067,0.002499814754242005,,COMPLETE
323,0.0,2025-11-30 08:58:00.050946,2025-11-30 08:59:17.414563,0 days 00:01:17.363617,10.0,999.0,0.00031828310980817063,0.0784740260670577,39.0,0.00041348194936601185,0.735380689863253,0.0024998901487197495,,COMPLETE
324,0.0,2025-11-30 08:59:17.431963,2025-11-30 08:59:34.767049,0 days 00:00:17.335086,10.0,999.0,0.03708560976627932,0.03029039196302005,23.0,0.00028875141271802367,0.7993349110070569,0.002499917326783129,,COMPLETE
325,0.0,2025-11-30 08:59:34.788420,2025-11-30 08:59:50.316658,0 days 00:00:15.528238,9.0,999.0,0.24806292017662585,0.030335148265307955,42.0,0.0004964925141914622,0.7433201386248557,0.00249993776169841,,COMPLETE
326,0.0,2025-11-30 08:59:50.338289,2025-11-30 09:01:08.473508,0 days 00:01:18.135219,10.0,999.0,0.13823313362343057,0.06367889017397675,37.0,0.0004964363671854752,0.7880838092710509,0.0024998810685899937,,COMPLETE
311,0.0,2025-11-30 08:48:09.097390,2025-11-30 08:49:27.248811,0 days 00:01:18.151421,10.0,999.0,0.3687889929121032,0.08595230990949021,43.0,0.0004960719350606057,0.7732789223440062,0.002499885039978663,,COMPLETE
312,0.0,2025-11-30 08:49:27.308887,2025-11-30 08:50:46.183896,0 days 00:01:18.875009,10.0,999.0,0.054600203216248186,0.09162666776825945,45.0,0.0003745443350327768,0.8060065624847895,0.0024998472341856183,,COMPLETE
313,0.0,2025-11-30 08:50:46.204169,2025-11-30 08:51:03.768275,0 days 00:00:17.564106,10.0,900.0,0.13481420386092743,0.03861258910925116,40.0,0.0004689865040483659,0.8419649051215579,0.0024999022335980454,,COMPLETE
314,0.0,2025-11-30 08:51:03.786655,2025-11-30 08:51:21.174304,0 days 00:00:17.387649,10.0,999.0,0.26298020423545804,0.040618564042414554,35.0,0.0004954453488385077,0.7834378297347449,0.0024998368633508024,,COMPLETE
315,0.0,2025-11-30 08:51:21.192255,2025-11-30 08:52:38.104514,0 days 00:01:16.912259,10.0,986.0,0.19195992105260873,0.09852961490732089,42.0,0.0004968441719974318,0.7234760408929494,0.0024999119891681923,,COMPLETE
316,0.0,2025-11-30 08:52:38.132317,2025-11-30 08:53:55.986466,0 days 00:01:17.854149,10.0,999.0,0.5770621075068237,0.0494936139229502,46.0,0.0004964231779245456,0.7920918715342538,0.002499937736063256,,COMPLETE
317,0.0,2025-11-30 08:53:56.006677,2025-11-30 08:55:19.128511,0 days 00:01:23.121834,10.0,999.0,0.09516724480319547,0.05594117502441992,33.0,0.00043922824574565067,0.748442790650469,0.0024999348053908327,,COMPLETE
333,0.0,2025-11-30 09:06:07.743105,2025-11-30 09:07:25.372087,0 days 00:01:17.628982,10.0,999.0,0.25126248455627376,0.09321066937962404,43.0,0.00038652657197995075,0.7392816733376963,0.0024999432304626014,,COMPLETE
332,0.0,2025-11-30 09:05:50.194115,2025-11-30 09:06:07.725740,0 days 00:00:17.531625,10.0,999.0,0.15424491841390373,0.03021760000636119,38.0,0.000350373267469035,0.8233837034326112,0.002499900121579947,,COMPLETE
331,0.0,2025-11-30 09:04:32.581588,2025-11-30 09:05:50.176664,0 days 00:01:17.595076,10.0,999.0,0.09087141247667876,0.0822739948853542,45.0,0.0004965761546099675,0.7296129341066412,0.0024999350803734076,,COMPLETE
330,0.0,2025-11-30 09:03:00.696466,2025-11-30 09:04:18.031920,0 days 00:01:17.335454,10.0,999.0,0.41672819978109615,0.05960917834439727,98.0,5.749136312153883e-05,0.7594658260924563,0.002499922755355842,,COMPLETE
329,0.0,2025-11-30 09:01:43.527567,2025-11-30 09:03:00.678903,0 days 00:01:17.151336,10.0,999.0,0.05324797124777685,0.05228767051846207,41.0,0.0004963737793671867,0.7520279940812907,0.0024999162267966,,COMPLETE
328,0.0,2025-11-30 09:01:26.124864,2025-11-30 09:01:43.510105,0 days 00:00:17.385241,10.0,999.0,0.0008243850913525316,0.03542448989936144,40.0,0.0004507107910740447,0.7709012368251998,0.0024999011345647956,,COMPLETE
327,0.0,2025-11-30 09:01:08.491648,2025-11-30 09:01:26.106108,0 days 00:00:17.614460,10.0,999.0,1.698712633925354e-05,0.03789298053167306,44.0,0.000496803866327544,0.781039458686482,0.0024995891897437207,,COMPLETE
334,0.0,2025-11-30 09:07:25.389331,2025-11-30 09:08:41.954811,0 days 00:01:16.565480,10.0,999.0,0.07499744088647503,0.08511713461368153,47.0,0.0004972131360495736,0.6729851955207192,0.002499945314522082,,COMPLETE
342,0.0,2025-11-30 09:14:49.799163,2025-11-30 09:15:05.042458,0 days 00:00:15.243295,9.0,999.0,0.1954171922789037,0.030288998466488658,36.0,0.000496371825692023,0.6128333584054331,0.002499918304025312,,COMPLETE
335,0.0,2025-11-30 09:08:41.972348,2025-11-30 09:10:00.343572,0 days 00:01:18.371224,10.0,999.0,0.11310163937287826,0.13901745661006834,35.0,0.0004966774590962346,0.7750279465371199,0.00249990181082892,,COMPLETE
336,0.0,2025-11-30 09:10:00.361323,2025-11-30 09:10:17.614784,0 days 00:00:17.253461,10.0,999.0,0.5773093278764478,0.03924134084817419,40.0,0.00047048642033652166,0.748022478517601,0.0024999204884011313,,COMPLETE
337,0.0,2025-11-30 09:10:17.637942,2025-11-30 09:11:36.477723,0 days 00:01:18.839781,10.0,999.0,0.02720021435247879,0.07500166631228113,42.0,0.0004971377173875503,0.8096422349983062,0.002499905807605316,,COMPLETE
338,0.0,2025-11-30 09:11:36.497272,2025-11-30 09:12:43.953819,0 days 00:01:07.456547,10.0,827.0,0.18879247903010266,0.08937926946981113,38.0,0.0004710694308544941,0.7936454579240634,0.0024999447488325485,,COMPLETE
339,0.0,2025-11-30 09:12:43.974863,2025-11-30 09:13:01.225196,0 days 00:00:17.250333,10.0,999.0,0.3251159587092151,0.04160228619926955,50.0,0.0004966863745455667,0.7635823322908252,0.0024999507040574277,,COMPLETE
340,0.0,2025-11-30 09:13:01.242526,2025-11-30 09:13:18.609462,0 days 00:00:17.366936,10.0,999.0,0.05916794878349648,0.03197785400938228,44.0,0.0004962530919896939,0.7804601318616021,0.002499900910848705,,COMPLETE
341,0.0,2025-11-30 09:13:31.316759,2025-11-30 09:14:49.773590,0 days 00:01:18.456831,10.0,999.0,0.11804899408157572,0.12959579740953858,41.0,0.00044735919531327774,0.7691625562288813,0.002499912637821372,,COMPLETE
349,0.0,2025-11-30 09:19:51.854536,2025-11-30 09:20:59.120033,0 days 00:01:07.265497,10.0,875.0,0.004702744698454779,0.08119003786926125,42.0,0.0004228496015586233,0.6055740167817997,0.0024999258446313233,,COMPLETE
348,0.0,2025-11-30 09:19:34.177051,2025-11-30 09:19:51.837099,0 days 00:00:17.660048,10.0,934.0,0.11031233563690974,0.03754354759899695,40.0,0.0003353395219592867,0.8759052347319626,0.0024999158615555857,,COMPLETE
347,0.0,2025-11-30 09:19:16.686705,2025-11-30 09:19:34.156731,0 days 00:00:17.470026,10.0,999.0,0.24893890218548487,0.03142084080858941,43.0,0.000496760858334125,0.7995314439139847,0.0024999050611934116,,COMPLETE
346,0.0,2025-11-30 09:17:58.604042,2025-11-30 09:19:16.669521,0 days 00:01:18.065479,10.0,999.0,0.047878885731939554,0.09613119279693469,32.0,0.0004967163448290522,0.7601056403281273,0.002499971310333641,,COMPLETE
345,0.0,2025-11-30 09:16:41.300082,2025-11-30 09:17:58.585784,0 days 00:01:17.285702,10.0,999.0,0.15571072164344946,0.07105833509303836,46.0,0.00036791058088701735,0.733897906479668,0.002499922608500009,,COMPLETE
344,0.0,2025-11-30 09:15:22.403591,2025-11-30 09:16:41.282276,0 days 00:01:18.878685,10.0,999.0,0.41505127673704856,0.10832085331995502,19.0,0.00040003186213779287,0.7877416085424367,0.002499737566940736,,COMPLETE
343,0.0,2025-11-30 09:15:05.066888,2025-11-30 09:15:22.378818,0 days 00:00:17.311930,10.0,999.0,0.0878113809344178,0.03498749153322275,39.0,0.0004968113219229818,0.7537792657528032,0.002499866061934645,,COMPLETE
350,0.0,2025-11-30 09:20:59.137544,2025-11-30 09:22:16.564885,0 days 00:01:17.427341,10.0,999.0,0.07386487532565147,0.08729637605972096,37.0,0.0004972842811994879,0.7430403062424059,0.002499934744266359,,COMPLETE
373,0.0,2025-11-30 09:39:26.460153,2025-11-30 09:39:43.915891,0 days 00:00:17.455738,10.0,999.0,0.23068484690189348,0.030192162316752924,43.0,0.0004973201163588723,0.7362397603441783,0.002499956068866469,,COMPLETE
351,0.0,2025-11-30 09:22:29.800586,2025-11-30 09:22:47.329960,0 days 00:00:17.529374,10.0,999.0,0.15384540092006554,0.04001283906801396,45.0,0.00046796330349872887,0.7723922047067082,0.0024999361091971387,,COMPLETE
352,0.0,2025-11-30 09:22:47.347745,2025-11-30 09:24:05.466954,0 days 00:01:18.119209,10.0,999.0,0.33337903760876886,0.10324426099754072,39.0,0.0004967476423287454,0.766412496183138,0.0024999397263442517,,COMPLETE
353,0.0,2025-11-30 09:24:05.486592,2025-11-30 09:24:22.656127,0 days 00:00:17.169535,10.0,999.0,0.2457952275364624,0.030194256947160138,41.0,0.00031342933123964216,0.7206473590365826,0.0024999247459202255,,COMPLETE
374,0.0,2025-11-30 09:39:43.935452,2025-11-30 09:39:59.516753,0 days 00:00:15.581301,9.0,999.0,0.10589881547086798,0.05734859442785545,38.0,0.0004971906635113568,0.7970802971804859,0.002499868060594941,,COMPLETE
378,0.0,2025-11-30 09:43:54.170507,2025-11-30 09:44:11.703072,0 days 00:00:17.532565,10.0,999.0,0.6805835238138721,0.04049401814628994,36.0,0.00032960627735213705,0.7329789803053021,0.0024999254114033455,,COMPLETE
379,0.0,2025-11-30 09:44:11.720579,2025-11-30 09:44:29.221010,0 days 00:00:17.500431,10.0,999.0,0.15154151289141132,0.03322375962653423,42.0,0.0004971746508520741,0.8034122303786593,0.0024999060475182876,,COMPLETE
380,0.0,2025-11-30 09:44:29.241787,2025-11-30 09:44:47.795589,0 days 00:00:18.553802,10.0,999.0,0.07290701860537725,0.03561613588938761,48.0,0.0004508297320515069,0.7856564845402689,0.00249984913897576,,COMPLETE
7,,2025-11-29 23:17:23.839131,2025-11-29 23:17:24.182049,0 days 00:00:00.342918,,,,,,-0.0007155958115807155,,0.20027203924978357,False,FAIL
224,,2025-11-30 07:26:27.436631,2025-11-30 07:29:01.850882,0 days 00:02:34.414251,11.0,1384.0,0.26879701974420445,0.04641140713592794,44.0,0.0008248759013413198,0.760312752496993,0.016621126814361228,False,FAIL
382,,2025-11-30 09:46:18.966106,2025-11-30 09:46:52.477370,0 days 00:00:33.511264,10.0,974.0,0.25937159366041396,0.06984170118695031,39.0,0.0004966482085091124,0.7410166224377618,0.0024999608675587183,,FAIL
